Tarih;Dolar;Euro
04-01-2010;1,49;2,14
05-01-2010;1,48;2,13
06-01-2010;1,47;2,12
07-01-2010;1,47;2,11
08-01-2010;1,47;2,11
09-01-2010;;
10-01-2010;;
11-01-2010;1,46;2,10
12-01-2010;1,45;2,10
13-01-2010;1,45;2,10
14-01-2010;1,44;2,10
15-01-2010;1,45;2,10
16-01-2010;;
17-01-2010;;
18-01-2010;1,45;2,09
19-01-2010;1,45;2,08
20-01-2010;1,45;2,08
21-01-2010;1,46;2,07
22-01-2010;1,47;2,07
23-01-2010;;
24-01-2010;;
25-01-2010;1,48;2,09
26-01-2010;1,48;2,09
27-01-2010;1,49;2,10
28-01-2010;1,49;2,09
29-01-2010;1,49;2,08
30-01-2010;;
31-01-2010;;
01-02-2010;1,48;2,07
02-02-2010;1,48;2,06
03-02-2010;1,48;2,06
04-02-2010;1,47;2,06
05-02-2010;1,49;2,06
06-02-2010;;
07-02-2010;;
08-02-2010;1,51;2,07
09-02-2010;1,52;2,07
10-02-2010;1,51;2,07
11-02-2010;1,50;2,07
12-02-2010;1,51;2,07
13-02-2010;;
14-02-2010;;
15-02-2010;1,51;2,05
16-02-2010;1,51;2,05
17-02-2010;1,50;2,05
18-02-2010;1,50;2,06
19-02-2010;1,51;2,05
20-02-2010;;
21-02-2010;;
22-02-2010;1,52;2,05
23-02-2010;1,51;2,05
24-02-2010;1,52;2,08
25-02-2010;1,54;2,08
26-02-2010;1,54;2,08
27-02-2010;;
28-02-2010;;
01-03-2010;1,54;2,09
02-03-2010;1,54;2,09
03-03-2010;1,53;2,07
04-03-2010;1,53;2,09
05-03-2010;1,54;2,10
06-03-2010;;
07-03-2010;;
08-03-2010;1,54;2,09
09-03-2010;1,52;2,08
10-03-2010;1,53;2,08
11-03-2010;1,53;2,08
12-03-2010;1,53;2,09
13-03-2010;;
14-03-2010;;
15-03-2010;1,52;2,09
16-03-2010;1,52;2,09
17-03-2010;1,52;2,08
18-03-2010;1,51;2,08
19-03-2010;1,52;2,07
20-03-2010;;
21-03-2010;;
22-03-2010;1,52;2,07
23-03-2010;1,54;2,08
24-03-2010;1,54;2,08
25-03-2010;1,53;2,05
26-03-2010;1,53;2,05
27-03-2010;;
28-03-2010;;
29-03-2010;1,53;2,04
30-03-2010;1,52;2,05
31-03-2010;1,52;2,05
01-04-2010;1,52;2,04
02-04-2010;1,51;2,04
03-04-2010;;
04-04-2010;;
05-04-2010;1,51;2,05
06-04-2010;1,51;2,03
07-04-2010;1,50;2,02
08-04-2010;1,49;2,00
09-04-2010;1,50;1,99
10-04-2010;;
11-04-2010;;
12-04-2010;1,48;1,99
13-04-2010;1,48;2,01
14-04-2010;1,48;2,02
15-04-2010;1,47;2,01
16-04-2010;1,47;2,00
17-04-2010;;
18-04-2010;;
19-04-2010;1,47;1,99
20-04-2010;1,49;2,00
21-04-2010;1,48;2,00
22-04-2010;1,48;1,98
23-04-2010;;
24-04-2010;;
25-04-2010;;
26-04-2010;1,48;1,97
27-04-2010;1,47;1,96
28-04-2010;1,48;1,97
29-04-2010;1,50;1,98
30-04-2010;1,48;1,96
01-05-2010;;
02-05-2010;;
03-05-2010;1,47;1,96
04-05-2010;1,49;1,97
05-05-2010;1,49;1,96
06-05-2010;1,51;1,95
07-05-2010;1,53;1,95
08-05-2010;;
09-05-2010;;
10-05-2010;1,56;1,99
11-05-2010;1,51;1,97
12-05-2010;1,53;1,94
13-05-2010;1,52;1,93
14-05-2010;1,51;1,91
15-05-2010;;
16-05-2010;;
17-05-2010;1,52;1,90
18-05-2010;1,54;1,89
19-05-2010;;
20-05-2010;1,53;1,90
21-05-2010;1,57;1,94
22-05-2010;;
23-05-2010;;
24-05-2010;1,58;1,97
25-05-2010;1,56;1,94
26-05-2010;1,59;1,94
27-05-2010;1,57;1,94
28-05-2010;1,56;1,92
29-05-2010;;
30-05-2010;;
31-05-2010;1,55;1,92
01-06-2010;1,57;1,93
02-06-2010;1,58;1,92
03-06-2010;1,57;1,92
04-06-2010;1,57;1,92
05-06-2010;;
06-06-2010;;
07-06-2010;1,58;1,92
08-06-2010;1,59;1,91
09-06-2010;1,60;1,91
10-06-2010;1,59;1,91
11-06-2010;1,59;1,91
12-06-2010;;
13-06-2010;;
14-06-2010;1,57;1,91
15-06-2010;1,56;1,91
16-06-2010;1,57;1,92
17-06-2010;1,56;1,92
18-06-2010;1,56;1,92
19-06-2010;;
20-06-2010;;
21-06-2010;1,55;1,92
22-06-2010;1,54;1,92
23-06-2010;1,55;1,91
24-06-2010;1,56;1,91
25-06-2010;1,57;1,93
26-06-2010;;
27-06-2010;;
28-06-2010;1,58;1,94
29-06-2010;1,56;1,93
30-06-2010;1,57;1,92
01-07-2010;1,57;1,93
02-07-2010;1,58;1,94
03-07-2010;;
04-07-2010;;
05-07-2010;1,57;1,96
06-07-2010;1,56;1,95
07-07-2010;1,55;1,95
08-07-2010;1,55;1,95
09-07-2010;1,54;1,95
10-07-2010;;
11-07-2010;;
12-07-2010;1,54;1,96
13-07-2010;1,55;1,95
14-07-2010;1,55;1,95
15-07-2010;1,54;1,95
16-07-2010;1,53;1,96
17-07-2010;;
18-07-2010;;
19-07-2010;1,53;1,98
20-07-2010;1,53;1,99
21-07-2010;1,53;1,98
22-07-2010;1,52;1,95
23-07-2010;1,52;1,95
24-07-2010;;
25-07-2010;;
26-07-2010;1,51;1,95
27-07-2010;1,51;1,95
28-07-2010;1,51;1,96
29-07-2010;1,50;1,96
30-07-2010;1,50;1,96
31-07-2010;;
01-08-2010;;
02-08-2010;1,50;1,96
03-08-2010;1,49;1,95
04-08-2010;1,49;1,97
05-08-2010;1,49;1,97
06-08-2010;1,50;1,97
07-08-2010;;
08-08-2010;;
09-08-2010;1,49;1,97
10-08-2010;1,48;1,97
11-08-2010;1,49;1,96
12-08-2010;1,50;1,96
13-08-2010;1,51;1,95
14-08-2010;;
15-08-2010;;
16-08-2010;1,51;1,93
17-08-2010;1,51;1,93
18-08-2010;1,49;1,92
19-08-2010;1,49;1,92
20-08-2010;1,49;1,92
21-08-2010;;
22-08-2010;;
23-08-2010;1,51;1,92
24-08-2010;1,51;1,92
25-08-2010;1,53;1,92
26-08-2010;1,52;1,92
27-08-2010;1,52;1,93
28-08-2010;;
29-08-2010;;
30-08-2010;;
31-08-2010;1,52;1,93
01-09-2010;1,52;1,93
02-09-2010;1,52;1,94
03-09-2010;1,51;1,93
04-09-2010;;
05-09-2010;;
06-09-2010;1,50;1,92
07-09-2010;1,49;1,93
08-09-2010;1,50;1,92
09-09-2010;;
10-09-2010;;
11-09-2010;;
12-09-2010;;
13-09-2010;1,50;1,92
14-09-2010;1,49;1,91
15-09-2010;1,49;1,92
16-09-2010;1,49;1,93
17-09-2010;1,48;1,94
18-09-2010;;
19-09-2010;;
20-09-2010;1,49;1,95
21-09-2010;1,49;1,95
22-09-2010;1,48;1,95
23-09-2010;1,48;1,97
24-09-2010;1,48;1,98
25-09-2010;;
26-09-2010;;
27-09-2010;1,48;1,98
28-09-2010;1,47;1,98
29-09-2010;1,47;1,97
30-09-2010;1,45;1,98
01-10-2010;1,44;1,97
02-10-2010;;
03-10-2010;;
04-10-2010;1,44;1,98
05-10-2010;1,44;1,97
06-10-2010;1,44;1,98
07-10-2010;1,42;1,96
08-10-2010;1,41;1,97
09-10-2010;;
10-10-2010;;
11-10-2010;1,42;1,97
12-10-2010;1,40;1,96
13-10-2010;1,42;1,96
14-10-2010;1,41;1,96
15-10-2010;1,39;1,96
16-10-2010;;
17-10-2010;;
18-10-2010;1,40;1,97
19-10-2010;1,42;1,97
20-10-2010;1,42;1,97
21-10-2010;1,42;1,97
22-10-2010;1,41;1,98
23-10-2010;;
24-10-2010;;
25-10-2010;1,42;1,98
26-10-2010;1,41;1,98
27-10-2010;1,41;1,97
28-10-2010;1,43;1,97
29-10-2010;;
30-10-2010;;
31-10-2010;;
01-11-2010;1,43;1,97
02-11-2010;1,42;1,98
03-11-2010;1,41;1,97
04-11-2010;1,40;1,97
05-11-2010;1,39;1,98
06-11-2010;;
07-11-2010;;
08-11-2010;1,39;1,97
09-11-2010;1,40;1,95
10-11-2010;1,40;1,95
11-11-2010;1,41;1,94
12-11-2010;1,41;1,94
13-11-2010;;
14-11-2010;;
15-11-2010;1,43;1,95
16-11-2010;;
17-11-2010;;
18-11-2010;;
19-11-2010;;
20-11-2010;;
21-11-2010;;
22-11-2010;1,43;1,95
23-11-2010;1,44;1,97
24-11-2010;1,46;1,97
25-11-2010;1,48;1,97
26-11-2010;1,47;1,96
27-11-2010;;
28-11-2010;;
29-11-2010;1,48;1,96
30-11-2010;1,49;1,96
01-12-2010;1,50;1,95
02-12-2010;1,49;1,95
03-12-2010;1,48;1,95
04-12-2010;;
05-12-2010;;
06-12-2010;1,47;1,95
07-12-2010;1,48;1,96
08-12-2010;1,47;1,96
09-12-2010;1,48;1,96
10-12-2010;1,49;1,97
11-12-2010;;
12-12-2010;;
13-12-2010;1,49;1,98
14-12-2010;1,50;1,98
15-12-2010;1,49;2,01
16-12-2010;1,51;2,01
17-12-2010;1,52;2,01
18-12-2010;;
19-12-2010;;
20-12-2010;1,52;2,02
21-12-2010;1,55;2,03
22-12-2010;1,55;2,04
23-12-2010;1,55;2,03
24-12-2010;1,54;2,02
25-12-2010;;
26-12-2010;;
27-12-2010;1,54;2,02
28-12-2010;1,54;2,03
29-12-2010;1,54;2,04
30-12-2010;1,56;2,04
31-12-2010;1,55;2,05
01-01-2011;;
02-01-2011;;
03-01-2011;1,54;2,06
04-01-2011;1,55;2,06
05-01-2011;1,54;2,07
06-01-2011;1,54;2,04
07-01-2011;1,54;2,02
08-01-2011;;
09-01-2011;;
10-01-2011;1,56;2,02
11-01-2011;1,58;2,04
12-01-2011;1,57;2,03
13-01-2011;1,56;2,03
14-01-2011;1,55;2,04
15-01-2011;;
16-01-2011;;
17-01-2011;1,54;2,06
18-01-2011;1,54;2,05
19-01-2011;1,53;2,04
20-01-2011;1,53;2,06
21-01-2011;1,55;2,09
22-01-2011;;
23-01-2011;;
24-01-2011;1,57;2,12
25-01-2011;1,56;2,12
26-01-2011;1,56;2,12
27-01-2011;1,57;2,15
28-01-2011;1,57;2,15
29-01-2011;;
30-01-2011;;
31-01-2011;1,58;2,17
01-02-2011;1,60;2,18
02-02-2011;1,58;2,17
03-02-2011;1,57;2,17
04-02-2011;1,58;2,17
05-02-2011;;
06-02-2011;;
07-02-2011;1,59;2,17
08-02-2011;1,57;2,13
09-02-2011;1,57;2,14
10-02-2011;1,58;2,16
11-02-2011;1,59;2,17
12-02-2011;;
13-02-2011;;
14-02-2011;1,59;2,15
15-02-2011;1,58;2,13
16-02-2011;1,59;2,15
17-02-2011;1,58;2,14
18-02-2011;1,57;2,13
19-02-2011;;
20-02-2011;;
21-02-2011;1,57;2,14
22-02-2011;1,57;2,15
23-02-2011;1,59;2,17
24-02-2011;1,59;2,18
25-02-2011;1,60;2,20
26-02-2011;;
27-02-2011;;
28-02-2011;1,59;2,19
01-03-2011;1,59;2,20
02-03-2011;1,60;2,21
03-03-2011;1,61;2,22
04-03-2011;1,60;2,22
05-03-2011;;
06-03-2011;;
07-03-2011;1,59;2,22
08-03-2011;1,59;2,23
09-03-2011;1,59;2,21
10-03-2011;1,58;2,20
11-03-2011;1,58;2,18
12-03-2011;;
13-03-2011;;
14-03-2011;1,58;2,18
15-03-2011;1,57;2,19
16-03-2011;1,58;2,19
17-03-2011;1,58;2,20
18-03-2011;1,58;2,21
19-03-2011;;
20-03-2011;;
21-03-2011;1,58;2,22
22-03-2011;1,57;2,22
23-03-2011;1,56;2,22
24-03-2011;1,55;2,20
25-03-2011;1,55;2,18
26-03-2011;;
27-03-2011;;
28-03-2011;1,54;2,18
29-03-2011;1,55;2,18
30-03-2011;1,55;2,19
31-03-2011;1,55;2,18
01-04-2011;1,54;2,18
02-04-2011;;
03-04-2011;;
04-04-2011;1,54;2,17
05-04-2011;1,53;2,17
06-04-2011;1,53;2,17
07-04-2011;1,52;2,17
08-04-2011;1,51;2,15
09-04-2011;;
10-04-2011;;
11-04-2011;1,50;2,16
12-04-2011;1,51;2,18
13-04-2011;1,51;2,18
14-04-2011;1,51;2,19
15-04-2011;1,51;2,19
16-04-2011;;
17-04-2011;;
18-04-2011;1,51;2,19
19-04-2011;1,52;2,17
20-04-2011;1,53;2,18
21-04-2011;1,51;2,19
22-04-2011;1,51;2,21
23-04-2011;;
24-04-2011;;
25-04-2011;1,51;2,20
26-04-2011;1,51;2,21
27-04-2011;1,52;2,22
28-04-2011;1,51;2,22
29-04-2011;1,51;2,24
30-04-2011;;
01-05-2011;;
02-05-2011;1,51;2,25
03-05-2011;1,51;2,24
04-05-2011;1,52;2,25
05-05-2011;1,53;2,28
06-05-2011;1,54;2,28
07-05-2011;;
08-05-2011;;
09-05-2011;1,54;2,23
10-05-2011;1,53;2,21
11-05-2011;1,55;2,22
12-05-2011;1,57;2,25
13-05-2011;1,58;2,24
14-05-2011;;
15-05-2011;;
16-05-2011;1,57;2,25
17-05-2011;1,59;2,24
18-05-2011;1,58;2,24
19-05-2011;;
20-05-2011;1,57;2,24
21-05-2011;;
22-05-2011;;
23-05-2011;1,57;2,25
24-05-2011;1,60;2,24
25-05-2011;1,59;2,24
26-05-2011;1,60;2,25
27-05-2011;1,59;2,26
28-05-2011;;
29-05-2011;;
30-05-2011;1,60;2,28
31-05-2011;1,59;2,28
01-06-2011;1,59;2,28
02-06-2011;1,58;2,28
03-06-2011;1,58;2,29
04-06-2011;;
05-06-2011;;
06-06-2011;1,58;2,29
07-06-2011;1,57;2,30
08-06-2011;1,57;2,31
09-06-2011;1,58;2,31
10-06-2011;1,57;2,30
11-06-2011;;
12-06-2011;;
13-06-2011;1,57;2,27
14-06-2011;1,57;2,25
15-06-2011;1,57;2,27
16-06-2011;1,59;2,28
17-06-2011;1,61;2,27
18-06-2011;;
19-06-2011;;
20-06-2011;1,60;2,27
21-06-2011;1,60;2,28
22-06-2011;1,60;2,29
23-06-2011;1,61;2,31
24-06-2011;1,62;2,30
25-06-2011;;
26-06-2011;;
27-06-2011;1,62;2,31
28-06-2011;1,64;2,32
29-06-2011;1,63;2,33
30-06-2011;1,63;2,35
01-07-2011;1,62;2,34
02-07-2011;;
03-07-2011;;
04-07-2011;1,61;2,33
05-07-2011;1,61;2,33
06-07-2011;1,62;2,34
07-07-2011;1,63;2,33
08-07-2011;1,63;2,33
09-07-2011;;
10-07-2011;;
11-07-2011;1,62;2,31
12-07-2011;1,63;2,31
13-07-2011;1,65;2,29
14-07-2011;1,64;2,31
15-07-2011;1,64;2,33
16-07-2011;;
17-07-2011;;
18-07-2011;1,64;2,32
19-07-2011;1,66;2,33
20-07-2011;1,65;2,34
21-07-2011;1,65;2,34
22-07-2011;1,67;2,37
23-07-2011;;
24-07-2011;;
25-07-2011;1,67;2,40
26-07-2011;1,71;2,46
27-07-2011;1,71;2,48
28-07-2011;1,69;2,44
29-07-2011;1,67;2,39
30-07-2011;;
31-07-2011;;
01-08-2011;1,67;2,39
02-08-2011;1,67;2,40
03-08-2011;1,69;2,40
04-08-2011;1,70;2,43
05-08-2011;1,71;2,43
06-08-2011;;
07-08-2011;;
08-08-2011;1,73;2,45
09-08-2011;1,74;2,48
10-08-2011;1,76;2,51
11-08-2011;1,74;2,50
12-08-2011;1,77;2,51
13-08-2011;;
14-08-2011;;
15-08-2011;1,78;2,53
16-08-2011;1,76;2,52
17-08-2011;1,77;2,55
18-08-2011;1,76;2,54
19-08-2011;1,77;2,54
20-08-2011;;
21-08-2011;;
22-08-2011;1,78;2,55
23-08-2011;1,78;2,57
24-08-2011;1,78;2,57
25-08-2011;1,77;2,56
26-08-2011;1,76;2,54
27-08-2011;;
28-08-2011;;
29-08-2011;1,75;2,52
30-08-2011;;
31-08-2011;;
01-09-2011;;
02-09-2011;1,75;2,52
03-09-2011;;
04-09-2011;;
05-09-2011;1,74;2,47
06-09-2011;1,75;2,48
07-09-2011;1,76;2,49
08-09-2011;1,75;2,45
09-09-2011;1,76;2,47
10-09-2011;;
11-09-2011;;
12-09-2011;1,77;2,45
13-09-2011;1,78;2,43
14-09-2011;1,77;2,42
15-09-2011;1,76;2,41
16-09-2011;1,77;2,44
17-09-2011;;
18-09-2011;;
19-09-2011;1,78;2,45
20-09-2011;1,79;2,44
21-09-2011;1,79;2,45
22-09-2011;1,79;2,45
23-09-2011;1,82;2,45
24-09-2011;;
25-09-2011;;
26-09-2011;1,83;2,46
27-09-2011;1,84;2,48
28-09-2011;1,84;2,49
29-09-2011;1,84;2,51
30-09-2011;1,85;2,52
01-10-2011;;
02-10-2011;;
03-10-2011;1,85;2,50
04-10-2011;1,86;2,48
05-10-2011;1,89;2,49
06-10-2011;1,87;2,49
07-10-2011;1,84;2,45
08-10-2011;;
09-10-2011;;
10-10-2011;1,83;2,47
11-10-2011;1,83;2,48
12-10-2011;1,83;2,49
13-10-2011;1,82;2,50
14-10-2011;1,82;2,51
15-10-2011;;
16-10-2011;;
17-10-2011;1,83;2,52
18-10-2011;1,84;2,54
19-10-2011;1,86;2,54
20-10-2011;1,84;2,55
21-10-2011;1,86;2,56
22-10-2011;;
23-10-2011;;
24-10-2011;1,84;2,54
25-10-2011;1,82;2,52
26-10-2011;1,79;2,50
27-10-2011;1,76;2,45
28-10-2011;1,75;2,46
29-10-2011;;
30-10-2011;;
31-10-2011;1,75;2,46
01-11-2011;1,75;2,45
02-11-2011;1,79;2,45
03-11-2011;1,77;2,44
04-11-2011;1,77;2,43
05-11-2011;;
06-11-2011;;
07-11-2011;;
08-11-2011;;
09-11-2011;;
10-11-2011;1,74;2,41
11-11-2011;1,78;2,42
12-11-2011;;
13-11-2011;;
14-11-2011;1,77;2,42
15-11-2011;1,77;2,42
16-11-2011;1,78;2,42
17-11-2011;1,79;2,42
18-11-2011;1,80;2,43
19-11-2011;;
20-11-2011;;
21-11-2011;1,81;2,45
22-11-2011;1,83;2,47
23-11-2011;1,83;2,48
24-11-2011;1,86;2,49
25-11-2011;1,85;2,48
26-11-2011;;
27-11-2011;;
28-11-2011;1,88;2,49
29-11-2011;1,85;2,48
30-11-2011;1,84;2,46
01-12-2011;1,84;2,45
02-12-2011;1,82;2,46
03-12-2011;;
04-12-2011;;
05-12-2011;1,81;2,45
06-12-2011;1,82;2,45
07-12-2011;1,83;2,45
08-12-2011;1,82;2,44
09-12-2011;1,82;2,44
10-12-2011;;
11-12-2011;;
12-12-2011;1,84;2,46
13-12-2011;1,85;2,45
14-12-2011;1,86;2,45
15-12-2011;1,87;2,44
16-12-2011;1,87;2,43
17-12-2011;;
18-12-2011;;
19-12-2011;1,87;2,44
20-12-2011;1,88;2,45
21-12-2011;1,89;2,47
22-12-2011;1,87;2,45
23-12-2011;1,88;2,46
24-12-2011;;
25-12-2011;;
26-12-2011;1,88;2,46
27-12-2011;1,88;2,46
28-12-2011;1,88;2,46
29-12-2011;1,89;2,47
30-12-2011;1,91;2,46
31-12-2011;;
01-01-2012;;
02-01-2012;1,89;2,44
03-01-2012;1,88;2,43
04-01-2012;1,88;2,44
05-01-2012;1,86;2,42
06-01-2012;1,87;2,41
07-01-2012;;
08-01-2012;;
09-01-2012;1,87;2,39
10-01-2012;1,86;2,38
11-01-2012;1,86;2,38
12-01-2012;1,85;2,36
13-01-2012;1,84;2,34
14-01-2012;;
15-01-2012;;
16-01-2012;1,84;2,36
17-01-2012;1,84;2,34
18-01-2012;1,83;2,34
19-01-2012;1,83;2,34
20-01-2012;1,82;2,35
21-01-2012;;
22-01-2012;;
23-01-2012;1,82;2,35
24-01-2012;1,82;2,36
25-01-2012;1,82;2,36
26-01-2012;1,82;2,36
27-01-2012;1,79;2,35
28-01-2012;;
29-01-2012;;
30-01-2012;1,78;2,33
31-01-2012;1,78;2,34
01-02-2012;1,76;2,33
02-02-2012;1,76;2,31
03-02-2012;1,75;2,30
04-02-2012;;
05-02-2012;;
06-02-2012;1,75;2,30
07-02-2012;1,76;2,29
08-02-2012;1,75;2,30
09-02-2012;1,74;2,31
10-02-2012;1,74;2,32
11-02-2012;;
12-02-2012;;
13-02-2012;1,75;2,32
14-02-2012;1,75;2,32
15-02-2012;1,76;2,32
16-02-2012;1,75;2,30
17-02-2012;1,77;2,30
18-02-2012;;
19-02-2012;;
20-02-2012;1,75;2,30
21-02-2012;1,73;2,30
22-02-2012;1,74;2,30
23-02-2012;1,74;2,31
24-02-2012;1,75;2,33
25-02-2012;;
26-02-2012;;
27-02-2012;1,75;2,35
28-02-2012;1,76;2,37
29-02-2012;1,75;2,35
01-03-2012;1,74;2,34
02-03-2012;1,74;2,32
03-03-2012;;
04-03-2012;;
05-03-2012;1,75;2,32
06-03-2012;1,76;2,33
07-03-2012;1,78;2,34
08-03-2012;1,78;2,34
09-03-2012;1,77;2,33
10-03-2012;;
11-03-2012;;
12-03-2012;1,77;2,34
13-03-2012;1,79;2,34
14-03-2012;1,78;2,34
15-03-2012;1,78;2,33
16-03-2012;1,80;2,34
17-03-2012;;
18-03-2012;;
19-03-2012;1,79;2,34
20-03-2012;1,80;2,36
21-03-2012;1,81;2,39
22-03-2012;1,81;2,39
23-03-2012;1,80;2,37
24-03-2012;;
25-03-2012;;
26-03-2012;1,79;2,37
27-03-2012;1,79;2,37
28-03-2012;1,78;2,37
29-03-2012;1,77;2,37
30-03-2012;1,77;2,36
31-03-2012;;
01-04-2012;;
02-04-2012;1,77;2,37
03-04-2012;1,77;2,37
04-04-2012;1,77;2,36
05-04-2012;1,78;2,35
06-04-2012;1,79;2,34
07-04-2012;;
08-04-2012;;
09-04-2012;1,78;2,33
10-04-2012;1,79;2,34
11-04-2012;1,79;2,35
12-04-2012;1,80;2,36
13-04-2012;1,79;2,35
14-04-2012;;
15-04-2012;;
16-04-2012;1,78;2,35
17-04-2012;1,79;2,33
18-04-2012;1,78;2,34
19-04-2012;1,78;2,33
20-04-2012;1,78;2,34
21-04-2012;;
22-04-2012;;
23-04-2012;;
24-04-2012;1,78;2,35
25-04-2012;1,78;2,34
26-04-2012;1,77;2,33
27-04-2012;1,76;2,32
28-04-2012;;
29-04-2012;;
30-04-2012;1,75;2,32
01-05-2012;;
02-05-2012;1,75;2,31
03-05-2012;1,75;2,31
04-05-2012;1,75;2,30
05-05-2012;;
06-05-2012;;
07-05-2012;1,75;2,30
08-05-2012;1,76;2,29
09-05-2012;1,76;2,29
10-05-2012;1,78;2,31
11-05-2012;1,78;2,30
12-05-2012;;
13-05-2012;;
14-05-2012;1,78;2,30
15-05-2012;1,80;2,32
16-05-2012;1,80;2,31
17-05-2012;1,82;2,31
18-05-2012;1,82;2,31
19-05-2012;;
20-05-2012;;
21-05-2012;1,82;2,32
22-05-2012;1,82;2,32
23-05-2012;1,82;2,32
24-05-2012;1,84;2,33
25-05-2012;1,84;2,31
26-05-2012;;
27-05-2012;;
28-05-2012;1,83;2,30
29-05-2012;1,83;2,30
30-05-2012;1,83;2,29
31-05-2012;1,83;2,28
01-06-2012;1,84;2,28
02-06-2012;;
03-06-2012;;
04-06-2012;1,86;2,29
05-06-2012;1,84;2,29
06-06-2012;1,84;2,29
07-06-2012;1,83;2,29
08-06-2012;1,82;2,29
09-06-2012;;
10-06-2012;;
11-06-2012;1,83;2,28
12-06-2012;1,81;2,27
13-06-2012;1,82;2,28
14-06-2012;1,82;2,28
15-06-2012;1,81;2,28
16-06-2012;;
17-06-2012;;
18-06-2012;1,81;2,28
19-06-2012;1,80;2,28
20-06-2012;1,80;2,27
21-06-2012;1,78;2,27
22-06-2012;1,79;2,27
23-06-2012;;
24-06-2012;;
25-06-2012;1,80;2,26
26-06-2012;1,81;2,26
27-06-2012;1,81;2,26
28-06-2012;1,80;2,25
29-06-2012;1,82;2,26
30-06-2012;;
01-07-2012;;
02-07-2012;1,81;2,27
03-07-2012;1,80;2,27
04-07-2012;1,79;2,26
05-07-2012;1,79;2,26
06-07-2012;1,80;2,25
07-07-2012;;
08-07-2012;;
09-07-2012;1,81;2,24
10-07-2012;1,81;2,23
11-07-2012;1,81;2,23
12-07-2012;1,80;2,21
13-07-2012;1,81;2,21
14-07-2012;;
15-07-2012;;
16-07-2012;1,81;2,21
17-07-2012;1,80;2,20
18-07-2012;1,80;2,21
19-07-2012;1,80;2,21
20-07-2012;1,79;2,21
21-07-2012;;
22-07-2012;;
23-07-2012;1,80;2,20
24-07-2012;1,81;2,19
25-07-2012;1,82;2,20
26-07-2012;1,82;2,20
27-07-2012;1,81;2,21
28-07-2012;;
29-07-2012;;
30-07-2012;1,81;2,22
31-07-2012;1,80;2,21
01-08-2012;1,79;2,19
02-08-2012;1,79;2,20
03-08-2012;1,79;2,20
04-08-2012;;
05-08-2012;;
06-08-2012;1,78;2,18
07-08-2012;1,77;2,19
08-08-2012;1,77;2,20
09-08-2012;1,78;2,20
10-08-2012;1,78;2,19
11-08-2012;;
12-08-2012;;
13-08-2012;1,78;2,19
14-08-2012;1,78;2,20
15-08-2012;1,79;2,21
16-08-2012;1,79;2,21
17-08-2012;1,79;2,20
18-08-2012;;
19-08-2012;;
20-08-2012;;
21-08-2012;;
22-08-2012;1,79;2,21
23-08-2012;1,79;2,23
24-08-2012;1,78;2,24
25-08-2012;;
26-08-2012;;
27-08-2012;1,79;2,24
28-08-2012;1,79;2,24
29-08-2012;1,79;2,25
30-08-2012;;
31-08-2012;1,81;2,27
01-09-2012;;
02-09-2012;;
03-09-2012;1,81;2,28
04-09-2012;1,81;2,28
05-09-2012;1,81;2,28
06-09-2012;1,82;2,28
07-09-2012;1,81;2,28
08-09-2012;;
09-09-2012;;
10-09-2012;1,80;2,28
11-09-2012;1,79;2,29
12-09-2012;1,79;2,30
13-09-2012;1,79;2,31
14-09-2012;1,80;2,33
15-09-2012;;
16-09-2012;;
17-09-2012;1,79;2,33
18-09-2012;1,79;2,34
19-09-2012;1,79;2,34
20-09-2012;1,78;2,32
21-09-2012;1,79;2,32
22-09-2012;;
23-09-2012;;
24-09-2012;1,79;2,32
25-09-2012;1,79;2,31
26-09-2012;1,79;2,31
27-09-2012;1,79;2,30
28-09-2012;1,78;2,29
29-09-2012;;
30-09-2012;;
01-10-2012;1,78;2,31
02-10-2012;1,79;2,30
03-10-2012;1,78;2,30
04-10-2012;1,78;2,30
05-10-2012;1,80;2,33
06-10-2012;;
07-10-2012;;
08-10-2012;1,79;2,33
09-10-2012;1,80;2,33
10-10-2012;1,81;2,34
11-10-2012;1,81;2,33
12-10-2012;1,80;2,33
13-10-2012;;
14-10-2012;;
15-10-2012;1,80;2,33
16-10-2012;1,80;2,33
17-10-2012;1,80;2,34
18-10-2012;1,79;2,35
19-10-2012;1,79;2,35
20-10-2012;;
21-10-2012;;
22-10-2012;1,79;2,34
23-10-2012;1,79;2,33
24-10-2012;1,79;2,33
25-10-2012;;
26-10-2012;;
27-10-2012;;
28-10-2012;;
29-10-2012;;
30-10-2012;1,79;2,33
31-10-2012;1,79;2,32
01-11-2012;1,79;2,32
02-11-2012;1,78;2,31
03-11-2012;;
04-11-2012;;
05-11-2012;1,78;2,30
06-11-2012;1,78;2,28
07-11-2012;1,77;2,26
08-11-2012;1,77;2,27
09-11-2012;1,78;2,26
10-11-2012;;
11-11-2012;;
12-11-2012;1,78;2,27
13-11-2012;1,79;2,27
14-11-2012;1,80;2,28
15-11-2012;1,79;2,28
16-11-2012;1,79;2,29
17-11-2012;;
18-11-2012;;
19-11-2012;1,79;2,28
20-11-2012;1,79;2,29
21-11-2012;1,79;2,29
22-11-2012;1,79;2,29
23-11-2012;1,79;2,30
24-11-2012;;
25-11-2012;;
26-11-2012;1,79;2,31
27-11-2012;1,79;2,32
28-11-2012;1,79;2,31
29-11-2012;1,78;2,30
30-11-2012;1,78;2,31
01-12-2012;;
02-12-2012;;
03-12-2012;1,78;2,31
04-12-2012;1,78;2,32
05-12-2012;1,78;2,32
06-12-2012;1,78;2,33
07-12-2012;1,78;2,33
08-12-2012;;
09-12-2012;;
10-12-2012;1,78;2,30
11-12-2012;1,78;2,30
12-12-2012;1,78;2,31
13-12-2012;1,77;2,31
14-12-2012;1,77;2,31
15-12-2012;;
16-12-2012;;
17-12-2012;1,77;2,32
18-12-2012;1,77;2,34
19-12-2012;1,77;2,34
20-12-2012;1,77;2,35
21-12-2012;1,78;2,35
22-12-2012;;
23-12-2012;;
24-12-2012;1,79;2,36
25-12-2012;1,79;2,37
26-12-2012;1,79;2,36
27-12-2012;1,78;2,36
28-12-2012;1,78;2,37
29-12-2012;;
30-12-2012;;
31-12-2012;1,78;2,35
01-01-2013;;
02-01-2013;1,78;2,35
03-01-2013;1,77;2,35
04-01-2013;1,77;2,33
05-01-2013;;
06-01-2013;;
07-01-2013;1,78;2,32
08-01-2013;1,77;2,31
09-01-2013;1,77;2,32
10-01-2013;1,77;2,31
11-01-2013;1,77;2,31
12-01-2013;;
13-01-2013;;
14-01-2013;1,76;2,34
15-01-2013;1,76;2,35
16-01-2013;1,76;2,35
17-01-2013;1,76;2,34
18-01-2013;1,75;2,34
19-01-2013;;
20-01-2013;;
21-01-2013;1,75;2,34
22-01-2013;1,75;2,34
23-01-2013;1,76;2,34
24-01-2013;1,76;2,35
25-01-2013;1,76;2,35
26-01-2013;;
27-01-2013;;
28-01-2013;1,76;2,36
29-01-2013;1,76;2,37
30-01-2013;1,76;2,37
31-01-2013;1,76;2,38
01-02-2013;1,75;2,38
02-02-2013;;
03-02-2013;;
04-02-2013;1,75;2,38
05-02-2013;1,75;2,37
06-02-2013;1,75;2,37
07-02-2013;1,76;2,38
08-02-2013;1,76;2,39
09-02-2013;;
10-02-2013;;
11-02-2013;1,76;2,36
12-02-2013;1,76;2,36
13-02-2013;1,77;2,37
14-02-2013;1,76;2,37
15-02-2013;1,76;2,35
16-02-2013;;
17-02-2013;;
18-02-2013;1,77;2,36
19-02-2013;1,77;2,36
20-02-2013;1,77;2,36
21-02-2013;1,78;2,38
22-02-2013;1,79;2,36
23-02-2013;;
24-02-2013;;
25-02-2013;1,79;2,36
26-02-2013;1,80;2,38
27-02-2013;1,81;2,36
28-02-2013;1,81;2,36
01-03-2013;1,80;2,36
02-03-2013;;
03-03-2013;;
04-03-2013;1,80;2,35
05-03-2013;1,80;2,34
06-03-2013;1,79;2,34
07-03-2013;1,79;2,34
08-03-2013;1,80;2,34
09-03-2013;;
10-03-2013;;
11-03-2013;1,79;2,35
12-03-2013;1,80;2,34
13-03-2013;1,80;2,35
14-03-2013;1,81;2,35
15-03-2013;1,81;2,35
16-03-2013;;
17-03-2013;;
18-03-2013;1,81;2,36
19-03-2013;1,81;2,35
20-03-2013;1,82;2,35
21-03-2013;1,82;2,35
22-03-2013;1,82;2,34
23-03-2013;;
24-03-2013;;
25-03-2013;1,82;2,35
26-03-2013;1,81;2,36
27-03-2013;1,82;2,34
28-03-2013;1,82;2,33
29-03-2013;1,81;2,32
30-03-2013;;
31-03-2013;;
01-04-2013;1,81;2,32
02-04-2013;1,81;2,32
03-04-2013;1,80;2,32
04-04-2013;1,81;2,32
05-04-2013;1,81;2,31
06-04-2013;;
07-04-2013;;
08-04-2013;1,80;2,33
09-04-2013;1,79;2,33
10-04-2013;1,78;2,33
11-04-2013;1,78;2,34
12-04-2013;1,78;2,34
13-04-2013;;
14-04-2013;;
15-04-2013;1,79;2,34
16-04-2013;1,79;2,34
17-04-2013;1,79;2,35
18-04-2013;1,79;2,35
19-04-2013;1,79;2,34
20-04-2013;;
21-04-2013;;
22-04-2013;1,80;2,35
23-04-2013;;
24-04-2013;1,80;2,35
25-04-2013;1,80;2,34
26-04-2013;1,80;2,35
27-04-2013;;
28-04-2013;;
29-04-2013;1,80;2,34
30-04-2013;1,80;2,35
01-05-2013;;
02-05-2013;1,80;2,35
03-05-2013;1,79;2,36
04-05-2013;;
05-05-2013;;
06-05-2013;1,79;2,35
07-05-2013;1,79;2,35
08-05-2013;1,80;2,36
09-05-2013;1,79;2,35
10-05-2013;1,79;2,35
11-05-2013;;
12-05-2013;;
13-05-2013;1,80;2,34
14-05-2013;1,81;2,34
15-05-2013;1,81;2,35
16-05-2013;1,82;2,35
17-05-2013;1,82;2,35
18-05-2013;;
19-05-2013;;
20-05-2013;1,83;2,36
21-05-2013;1,84;2,37
22-05-2013;1,85;2,38
23-05-2013;1,84;2,38
24-05-2013;1,85;2,38
25-05-2013;;
26-05-2013;;
27-05-2013;1,84;2,39
28-05-2013;1,84;2,39
29-05-2013;1,85;2,39
30-05-2013;1,86;2,41
31-05-2013;1,87;2,42
01-06-2013;;
02-06-2013;;
03-06-2013;1,88;2,45
04-06-2013;1,89;2,46
05-06-2013;1,87;2,45
06-06-2013;1,88;2,46
07-06-2013;1,89;2,47
08-06-2013;;
09-06-2013;;
10-06-2013;1,89;2,50
11-06-2013;1,89;2,50
12-06-2013;1,89;2,52
13-06-2013;1,88;2,49
14-06-2013;1,87;2,49
15-06-2013;;
16-06-2013;;
17-06-2013;1,85;2,47
18-06-2013;1,87;2,49
19-06-2013;1,88;2,51
20-06-2013;1,88;2,52
21-06-2013;1,92;2,53
22-06-2013;;
23-06-2013;;
24-06-2013;1,93;2,55
25-06-2013;1,94;2,54
26-06-2013;1,93;2,54
27-06-2013;1,93;2,52
28-06-2013;1,93;2,51
29-06-2013;;
30-06-2013;;
01-07-2013;1,92;2,51
02-07-2013;1,92;2,51
03-07-2013;1,92;2,50
04-07-2013;1,95;2,52
05-07-2013;1,95;2,53
06-07-2013;;
07-07-2013;;
08-07-2013;1,95;2,51
09-07-2013;1,95;2,51
10-07-2013;1,94;2,50
11-07-2013;1,94;2,49
12-07-2013;1,94;2,53
13-07-2013;;
14-07-2013;;
15-07-2013;1,96;2,55
16-07-2013;1,94;2,53
17-07-2013;1,93;2,53
18-07-2013;1,93;2,53
19-07-2013;1,92;2,51
20-07-2013;;
21-07-2013;;
22-07-2013;1,92;2,52
23-07-2013;1,92;2,52
24-07-2013;1,91;2,52
25-07-2013;1,91;2,52
26-07-2013;1,92;2,54
27-07-2013;;
28-07-2013;;
29-07-2013;1,92;2,55
30-07-2013;1,92;2,55
31-07-2013;1,92;2,55
01-08-2013;1,93;2,56
02-08-2013;1,93;2,56
03-08-2013;;
04-08-2013;;
05-08-2013;1,95;2,57
06-08-2013;1,93;2,56
07-08-2013;1,93;2,56
08-08-2013;;
09-08-2013;;
10-08-2013;;
11-08-2013;;
12-08-2013;1,93;2,56
13-08-2013;1,92;2,56
14-08-2013;1,93;2,56
15-08-2013;1,94;2,57
16-08-2013;1,93;2,56
17-08-2013;;
18-08-2013;;
19-08-2013;1,93;2,58
20-08-2013;1,95;2,60
21-08-2013;1,95;2,61
22-08-2013;1,96;2,62
23-08-2013;1,98;2,64
24-08-2013;;
25-08-2013;;
26-08-2013;1,98;2,65
27-08-2013;2,00;2,67
28-08-2013;2,02;2,70
29-08-2013;2,06;2,75
30-08-2013;;
31-08-2013;;
01-09-2013;;
02-09-2013;2,03;2,69
03-09-2013;2,02;2,66
04-09-2013;2,04;2,69
05-09-2013;2,05;2,71
06-09-2013;2,07;2,74
07-09-2013;;
08-09-2013;;
09-09-2013;2,06;2,71
10-09-2013;2,04;2,69
11-09-2013;2,03;2,69
12-09-2013;2,01;2,67
13-09-2013;2,02;2,69
14-09-2013;;
15-09-2013;;
16-09-2013;2,03;2,69
17-09-2013;1,99;2,66
18-09-2013;2,00;2,68
19-09-2013;2,00;2,67
20-09-2013;1,95;2,64
21-09-2013;;
22-09-2013;;
23-09-2013;1,97;2,67
24-09-2013;1,99;2,68
25-09-2013;1,99;2,69
26-09-2013;2,00;2,70
27-09-2013;2,01;2,72
28-09-2013;;
29-09-2013;;
30-09-2013;2,03;2,75
01-10-2013;2,04;2,75
02-10-2013;2,01;2,73
03-10-2013;2,02;2,73
04-10-2013;2,00;2,72
05-10-2013;;
06-10-2013;;
07-10-2013;2,00;2,72
08-10-2013;2,00;2,71
09-10-2013;1,99;2,70
10-10-2013;1,99;2,69
11-10-2013;1,98;2,67
12-10-2013;;
13-10-2013;;
14-10-2013;1,98;2,68
15-10-2013;;
16-10-2013;;
17-10-2013;;
18-10-2013;;
19-10-2013;;
20-10-2013;;
21-10-2013;1,98;2,68
22-10-2013;1,97;2,70
23-10-2013;1,98;2,71
24-10-2013;1,97;2,72
25-10-2013;1,98;2,73
26-10-2013;;
27-10-2013;;
28-10-2013;1,99;2,74
29-10-2013;;
30-10-2013;1,99;2,74
31-10-2013;1,99;2,74
01-11-2013;1,99;2,72
02-11-2013;;
03-11-2013;;
04-11-2013;2,01;2,71
05-11-2013;2,02;2,73
06-11-2013;2,02;2,73
07-11-2013;2,03;2,74
08-11-2013;2,03;2,74
09-11-2013;;
10-11-2013;;
11-11-2013;2,03;2,72
12-11-2013;2,04;2,73
13-11-2013;2,05;2,75
14-11-2013;2,05;2,75
15-11-2013;2,04;2,75
16-11-2013;;
17-11-2013;;
18-11-2013;2,04;2,74
19-11-2013;2,02;2,73
20-11-2013;2,02;2,72
21-11-2013;2,01;2,72
22-11-2013;2,02;2,71
23-11-2013;;
24-11-2013;;
25-11-2013;2,02;2,73
26-11-2013;2,00;2,70
27-11-2013;2,01;2,72
28-11-2013;2,02;2,74
29-11-2013;2,02;2,74
30-11-2013;;
01-12-2013;;
02-12-2013;2,02;2,75
03-12-2013;2,03;2,75
04-12-2013;2,04;2,76
05-12-2013;2,05;2,78
06-12-2013;2,05;2,78
07-12-2013;;
08-12-2013;;
09-12-2013;2,04;2,79
10-12-2013;2,03;2,79
11-12-2013;2,03;2,79
12-12-2013;2,03;2,79
13-12-2013;2,04;2,81
14-12-2013;;
15-12-2013;;
16-12-2013;2,04;2,80
17-12-2013;2,03;2,80
18-12-2013;2,04;2,80
19-12-2013;2,04;2,81
20-12-2013;2,06;2,82
21-12-2013;;
22-12-2013;;
23-12-2013;2,09;2,85
24-12-2013;2,09;2,86
25-12-2013;2,08;2,85
26-12-2013;2,07;2,84
27-12-2013;2,10;2,87
28-12-2013;;
29-12-2013;;
30-12-2013;2,16;2,98
31-12-2013;2,13;2,94
01-01-2014;;
02-01-2014;2,13;2,93
03-01-2014;2,17;2,97
04-01-2014;;
05-01-2014;;
06-01-2014;2,17;2,96
07-01-2014;2,19;2,98
08-01-2014;2,17;2,96
09-01-2014;2,18;2,96
10-01-2014;2,18;2,97
11-01-2014;;
12-01-2014;;
13-01-2014;2,18;2,96
14-01-2014;2,17;2,97
15-01-2014;2,19;3,00
16-01-2014;2,19;2,98
17-01-2014;2,21;3,00
18-01-2014;;
19-01-2014;;
20-01-2014;2,21;3,00
21-01-2014;2,24;3,03
22-01-2014;2,24;3,03
23-01-2014;2,26;3,06
24-01-2014;2,27;3,10
25-01-2014;;
26-01-2014;;
27-01-2014;2,31;3,17
28-01-2014;2,34;3,21
29-01-2014;2,27;3,09
30-01-2014;2,22;3,04
31-01-2014;2,28;3,10
01-02-2014;;
02-02-2014;;
03-02-2014;2,27;3,07
04-02-2014;2,26;3,06
05-02-2014;2,26;3,05
06-02-2014;2,24;3,03
07-02-2014;2,22;3,01
08-02-2014;;
09-02-2014;;
10-02-2014;2,22;3,01
11-02-2014;2,22;3,03
12-02-2014;2,20;3,01
13-02-2014;2,19;2,99
14-02-2014;2,20;3,01
15-02-2014;;
16-02-2014;;
17-02-2014;2,18;2,99
18-02-2014;2,18;2,99
19-02-2014;2,18;2,99
20-02-2014;2,19;3,01
21-02-2014;2,21;3,02
22-02-2014;;
23-02-2014;;
24-02-2014;2,20;3,01
25-02-2014;2,18;3,00
26-02-2014;2,20;3,03
27-02-2014;2,21;3,03
28-02-2014;2,23;3,05
01-03-2014;;
02-03-2014;;
03-03-2014;2,21;3,05
04-03-2014;2,22;3,06
05-03-2014;2,21;3,04
06-03-2014;2,21;3,03
07-03-2014;2,20;3,02
08-03-2014;;
09-03-2014;;
10-03-2014;2,19;3,04
11-03-2014;2,21;3,07
12-03-2014;2,22;3,08
13-03-2014;2,25;3,12
14-03-2014;2,22;3,10
15-03-2014;;
16-03-2014;;
17-03-2014;2,23;3,10
18-03-2014;2,22;3,09
19-03-2014;2,22;3,09
20-03-2014;2,22;3,09
21-03-2014;2,24;3,08
22-03-2014;;
23-03-2014;;
24-03-2014;2,24;3,08
25-03-2014;2,24;3,08
26-03-2014;2,23;3,08
27-03-2014;2,21;3,05
28-03-2014;2,19;3,01
29-03-2014;;
30-03-2014;;
31-03-2014;2,19;3,01
01-04-2014;2,16;2,97
02-04-2014;2,15;2,96
03-04-2014;2,13;2,94
04-04-2014;2,14;2,94
05-04-2014;;
06-04-2014;;
07-04-2014;2,14;2,93
08-04-2014;2,12;2,91
09-04-2014;2,09;2,88
10-04-2014;2,10;2,90
11-04-2014;2,10;2,91
12-04-2014;;
13-04-2014;;
14-04-2014;2,12;2,94
15-04-2014;2,13;2,94
16-04-2014;2,13;2,93
17-04-2014;2,13;2,95
18-04-2014;2,13;2,95
19-04-2014;;
20-04-2014;;
21-04-2014;2,13;2,94
22-04-2014;2,13;2,95
23-04-2014;;
24-04-2014;2,14;2,95
25-04-2014;2,14;2,96
26-04-2014;;
27-04-2014;;
28-04-2014;2,13;2,95
29-04-2014;2,13;2,96
30-04-2014;2,12;2,94
01-05-2014;;
02-05-2014;2,12;2,93
03-05-2014;;
04-05-2014;;
05-05-2014;2,11;2,92
06-05-2014;2,10;2,91
07-05-2014;2,09;2,92
08-05-2014;2,09;2,91
09-05-2014;2,07;2,89
10-05-2014;;
11-05-2014;;
12-05-2014;2,08;2,87
13-05-2014;2,08;2,86
14-05-2014;2,07;2,85
15-05-2014;2,07;2,84
16-05-2014;2,08;2,84
17-05-2014;;
18-05-2014;;
19-05-2014;;
20-05-2014;2,10;2,88
21-05-2014;2,10;2,88
22-05-2014;2,11;2,89
23-05-2014;2,09;2,86
24-05-2014;;
25-05-2014;;
26-05-2014;2,08;2,84
27-05-2014;2,08;2,84
28-05-2014;2,10;2,86
29-05-2014;2,10;2,87
30-05-2014;2,09;2,85
31-05-2014;;
01-06-2014;;
02-06-2014;2,09;2,85
03-06-2014;2,10;2,85
04-06-2014;2,10;2,86
05-06-2014;2,12;2,89
06-06-2014;2,11;2,87
07-06-2014;;
08-06-2014;;
09-06-2014;2,09;2,85
10-06-2014;2,08;2,83
11-06-2014;2,09;2,83
12-06-2014;2,09;2,83
13-06-2014;2,11;2,85
14-06-2014;;
15-06-2014;;
16-06-2014;2,12;2,87
17-06-2014;2,14;2,89
18-06-2014;2,13;2,90
19-06-2014;2,14;2,91
20-06-2014;2,13;2,90
21-06-2014;;
22-06-2014;;
23-06-2014;2,14;2,91
24-06-2014;2,14;2,91
25-06-2014;2,13;2,90
26-06-2014;2,14;2,91
27-06-2014;2,13;2,90
28-06-2014;;
29-06-2014;;
30-06-2014;2,12;2,89
01-07-2014;2,12;2,90
02-07-2014;2,12;2,90
03-07-2014;2,13;2,91
04-07-2014;2,13;2,91
05-07-2014;;
06-07-2014;;
07-07-2014;2,13;2,89
08-07-2014;2,13;2,90
09-07-2014;2,13;2,89
10-07-2014;2,12;2,89
11-07-2014;2,12;2,89
12-07-2014;;
13-07-2014;;
14-07-2014;2,12;2,89
15-07-2014;2,12;2,89
16-07-2014;2,12;2,89
17-07-2014;2,12;2,87
18-07-2014;2,12;2,87
19-07-2014;;
20-07-2014;;
21-07-2014;2,13;2,88
22-07-2014;2,12;2,86
23-07-2014;2,12;2,86
24-07-2014;2,09;2,82
25-07-2014;2,09;2,82
26-07-2014;;
27-07-2014;;
28-07-2014;;
29-07-2014;;
30-07-2014;;
31-07-2014;2,09;2,81
01-08-2014;2,13;2,86
02-08-2014;;
03-08-2014;;
04-08-2014;2,14;2,87
05-08-2014;2,13;2,86
06-08-2014;2,13;2,85
07-08-2014;2,16;2,89
08-08-2014;2,16;2,89
09-08-2014;;
10-08-2014;;
11-08-2014;2,17;2,90
12-08-2014;2,15;2,88
13-08-2014;2,16;2,89
14-08-2014;2,16;2,88
15-08-2014;2,16;2,88
16-08-2014;;
17-08-2014;;
18-08-2014;2,16;2,89
19-08-2014;2,17;2,90
20-08-2014;2,16;2,89
21-08-2014;2,17;2,88
22-08-2014;2,18;2,89
23-08-2014;;
24-08-2014;;
25-08-2014;2,18;2,89
26-08-2014;2,18;2,87
27-08-2014;2,17;2,86
28-08-2014;2,16;2,84
29-08-2014;2,16;2,85
30-08-2014;;
31-08-2014;;
01-09-2014;2,16;2,85
02-09-2014;2,16;2,84
03-09-2014;2,17;2,84
04-09-2014;2,16;2,84
05-09-2014;2,16;2,83
06-09-2014;;
07-09-2014;;
08-09-2014;2,16;2,80
09-09-2014;2,16;2,80
10-09-2014;2,19;2,82
11-09-2014;2,20;2,85
12-09-2014;2,19;2,83
13-09-2014;;
14-09-2014;;
15-09-2014;2,20;2,85
16-09-2014;2,21;2,86
17-09-2014;2,21;2,86
18-09-2014;2,21;2,86
19-09-2014;2,22;2,86
20-09-2014;;
21-09-2014;;
22-09-2014;2,22;2,86
23-09-2014;2,24;2,88
24-09-2014;2,23;2,87
25-09-2014;2,23;2,87
26-09-2014;2,25;2,86
27-09-2014;;
28-09-2014;;
29-09-2014;2,26;2,87
30-09-2014;2,28;2,89
01-10-2014;2,28;2,87
02-10-2014;2,28;2,88
03-10-2014;2,27;2,87
04-10-2014;;
05-10-2014;;
06-10-2014;;
07-10-2014;;
08-10-2014;2,27;2,87
09-10-2014;2,29;2,90
10-10-2014;2,26;2,88
11-10-2014;;
12-10-2014;;
13-10-2014;2,28;2,89
14-10-2014;2,27;2,88
15-10-2014;2,28;2,89
16-10-2014;2,27;2,87
17-10-2014;2,27;2,90
18-10-2014;;
19-10-2014;;
20-10-2014;2,25;2,88
21-10-2014;2,25;2,87
22-10-2014;2,24;2,86
23-10-2014;2,24;2,85
24-10-2014;2,24;2,83
25-10-2014;;
26-10-2014;;
27-10-2014;2,24;2,83
28-10-2014;2,24;2,84
29-10-2014;;
30-10-2014;2,24;2,84
31-10-2014;2,22;2,79
01-11-2014;;
02-11-2014;;
03-11-2014;2,20;2,77
04-11-2014;2,23;2,78
05-11-2014;2,22;2,78
06-11-2014;2,23;2,79
07-11-2014;2,24;2,80
08-11-2014;;
09-11-2014;;
10-11-2014;2,27;2,82
11-11-2014;2,25;2,80
12-11-2014;2,26;2,81
13-11-2014;2,26;2,81
14-11-2014;2,25;2,80
15-11-2014;;
16-11-2014;;
17-11-2014;2,24;2,79
18-11-2014;2,23;2,79
19-11-2014;2,22;2,78
20-11-2014;2,23;2,79
21-11-2014;2,23;2,80
22-11-2014;;
23-11-2014;;
24-11-2014;2,22;2,77
25-11-2014;2,23;2,76
26-11-2014;2,23;2,77
27-11-2014;2,22;2,77
28-11-2014;2,21;2,76
29-11-2014;;
30-11-2014;;
01-12-2014;2,21;2,75
02-12-2014;2,22;2,77
03-12-2014;2,22;2,76
04-12-2014;2,24;2,76
05-12-2014;2,24;2,75
06-12-2014;;
07-12-2014;;
08-12-2014;2,24;2,76
09-12-2014;2,27;2,79
10-12-2014;2,26;2,79
11-12-2014;2,26;2,80
12-12-2014;2,26;2,81
13-12-2014;;
14-12-2014;;
15-12-2014;2,28;2,83
16-12-2014;2,32;2,88
17-12-2014;2,37;2,96
18-12-2014;2,37;2,95
19-12-2014;2,32;2,86
20-12-2014;;
21-12-2014;;
22-12-2014;2,32;2,85
23-12-2014;2,32;2,84
24-12-2014;2,32;2,83
25-12-2014;2,32;2,83
26-12-2014;2,32;2,84
27-12-2014;;
28-12-2014;;
29-12-2014;2,32;2,83
30-12-2014;2,32;2,83
31-12-2014;2,32;2,82
01-01-2015;;
02-01-2015;2,33;2,83
03-01-2015;;
04-01-2015;;
05-01-2015;2,34;2,83
06-01-2015;2,34;2,79
07-01-2015;2,33;2,77
08-01-2015;2,33;2,76
09-01-2015;2,31;2,72
10-01-2015;;
11-01-2015;;
12-01-2015;2,30;2,72
13-01-2015;2,29;2,70
14-01-2015;2,28;2,69
15-01-2015;2,29;2,70
16-01-2015;2,28;2,67
17-01-2015;;
18-01-2015;;
19-01-2015;2,31;2,68
20-01-2015;2,34;2,71
21-01-2015;2,34;2,71
22-01-2015;2,34;2,71
23-01-2015;2,35;2,73
24-01-2015;;
25-01-2015;;
26-01-2015;2,33;2,62
27-01-2015;2,36;2,65
28-01-2015;2,36;2,66
29-01-2015;2,36;2,68
30-01-2015;2,40;2,71
31-01-2015;;
01-02-2015;;
02-02-2015;2,42;2,74
03-02-2015;2,42;2,75
04-02-2015;2,42;2,74
05-02-2015;2,41;2,76
06-02-2015;2,44;2,79
07-02-2015;;
08-02-2015;;
09-02-2015;2,43;2,79
10-02-2015;2,49;2,81
11-02-2015;2,48;2,80
12-02-2015;2,49;2,82
13-02-2015;2,49;2,82
14-02-2015;;
15-02-2015;;
16-02-2015;2,47;2,82
17-02-2015;2,45;2,80
18-02-2015;2,45;2,79
19-02-2015;2,46;2,80
20-02-2015;2,44;2,78
21-02-2015;;
22-02-2015;;
23-02-2015;2,45;2,78
24-02-2015;2,48;2,80
25-02-2015;2,48;2,80
26-02-2015;2,46;2,79
27-02-2015;2,48;2,81
28-02-2015;;
01-03-2015;;
02-03-2015;2,51;2,81
03-03-2015;2,51;2,82
04-03-2015;2,52;2,81
05-03-2015;2,54;2,83
06-03-2015;2,58;2,85
07-03-2015;;
08-03-2015;;
09-03-2015;2,60;2,85
10-03-2015;2,60;2,83
11-03-2015;2,63;2,83
12-03-2015;2,62;2,78
13-03-2015;2,59;2,75
14-03-2015;;
15-03-2015;;
16-03-2015;2,61;2,77
17-03-2015;2,62;2,76
18-03-2015;2,62;2,77
19-03-2015;2,62;2,78
20-03-2015;2,59;2,77
21-03-2015;;
22-03-2015;;
23-03-2015;2,59;2,77
24-03-2015;2,57;2,79
25-03-2015;2,55;2,80
26-03-2015;2,56;2,80
27-03-2015;2,60;2,86
28-03-2015;;
29-03-2015;;
30-03-2015;2,61;2,83
31-03-2015;2,61;2,83
01-04-2015;2,61;2,81
02-04-2015;2,60;2,80
03-04-2015;2,59;2,81
04-04-2015;;
05-04-2015;;
06-04-2015;2,59;2,82
07-04-2015;2,57;2,82
08-04-2015;2,58;2,81
09-04-2015;2,59;2,81
10-04-2015;2,59;2,79
11-04-2015;;
12-04-2015;;
13-04-2015;2,62;2,78
14-04-2015;2,65;2,79
15-04-2015;2,67;2,82
16-04-2015;2,70;2,86
17-04-2015;2,70;2,88
18-04-2015;;
19-04-2015;;
20-04-2015;2,68;2,90
21-04-2015;2,69;2,89
22-04-2015;2,70;2,88
23-04-2015;;
24-04-2015;2,69;2,89
25-04-2015;;
26-04-2015;;
27-04-2015;2,72;2,96
28-04-2015;2,72;2,95
29-04-2015;2,68;2,92
30-04-2015;2,66;2,93
01-05-2015;;
02-05-2015;;
03-05-2015;;
04-05-2015;2,66;2,97
05-05-2015;2,71;3,02
06-05-2015;2,71;3,01
07-05-2015;2,71;3,04
08-05-2015;2,70;3,06
09-05-2015;;
10-05-2015;;
11-05-2015;2,69;3,01
12-05-2015;2,69;3,01
13-05-2015;2,69;3,02
14-05-2015;2,65;2,98
15-05-2015;2,62;2,98
16-05-2015;;
17-05-2015;;
18-05-2015;2,59;2,94
19-05-2015;;
20-05-2015;2,58;2,94
21-05-2015;2,60;2,89
22-05-2015;2,57;2,86
23-05-2015;;
24-05-2015;;
25-05-2015;2,59;2,89
26-05-2015;2,61;2,86
27-05-2015;2,63;2,87
28-05-2015;2,64;2,88
29-05-2015;2,65;2,90
30-05-2015;;
31-05-2015;;
01-06-2015;2,66;2,91
02-06-2015;2,68;2,92
03-06-2015;2,68;2,94
04-06-2015;2,68;2,99
05-06-2015;2,69;3,05
06-06-2015;;
07-06-2015;;
08-06-2015;2,66;3,00
09-06-2015;2,77;3,08
10-06-2015;2,75;3,10
11-06-2015;2,74;3,09
12-06-2015;2,74;3,09
13-06-2015;;
14-06-2015;;
15-06-2015;2,71;3,04
16-06-2015;2,73;3,07
17-06-2015;2,74;3,09
18-06-2015;2,73;3,08
19-06-2015;2,71;3,09
20-06-2015;;
21-06-2015;;
22-06-2015;2,71;3,07
23-06-2015;2,68;3,04
24-06-2015;2,67;3,00
25-06-2015;2,68;3,00
26-06-2015;2,66;2,98
27-06-2015;;
28-06-2015;;
29-06-2015;2,66;2,98
30-06-2015;2,69;2,98
01-07-2015;2,69;3,00
02-07-2015;2,68;2,97
03-07-2015;2,70;2,99
04-07-2015;;
05-07-2015;;
06-07-2015;2,69;2,98
07-07-2015;2,69;2,97
08-07-2015;2,68;2,94
09-07-2015;2,69;2,97
10-07-2015;2,68;2,96
11-07-2015;;
12-07-2015;;
13-07-2015;2,66;2,97
14-07-2015;2,66;2,95
15-07-2015;2,64;2,90
16-07-2015;2,64;2,91
17-07-2015;;
18-07-2015;;
19-07-2015;;
20-07-2015;2,64;2,91
21-07-2015;2,68;2,90
22-07-2015;2,69;2,92
23-07-2015;2,70;2,96
24-07-2015;2,72;2,99
25-07-2015;;
26-07-2015;;
27-07-2015;2,74;3,00
28-07-2015;2,76;3,05
29-07-2015;2,76;3,04
30-07-2015;2,76;3,05
31-07-2015;2,77;3,04
01-08-2015;;
02-08-2015;;
03-08-2015;2,78;3,05
04-08-2015;2,77;3,04
05-08-2015;2,77;3,04
06-08-2015;2,78;3,03
07-08-2015;2,78;3,03
08-08-2015;;
09-08-2015;;
10-08-2015;2,78;3,04
11-08-2015;2,79;3,05
12-08-2015;2,77;3,05
13-08-2015;2,78;3,09
14-08-2015;2,78;3,09
15-08-2015;;
16-08-2015;;
17-08-2015;2,83;3,16
18-08-2015;2,85;3,16
19-08-2015;2,87;3,18
20-08-2015;2,90;3,21
21-08-2015;2,97;3,31
22-08-2015;;
23-08-2015;;
24-08-2015;2,92;3,29
25-08-2015;2,95;3,38
26-08-2015;2,93;3,37
27-08-2015;2,93;3,36
28-08-2015;2,91;3,29
29-08-2015;;
30-08-2015;;
31-08-2015;2,91;3,29
01-09-2015;2,92;3,27
02-09-2015;2,91;3,29
03-09-2015;2,94;3,31
04-09-2015;2,96;3,32
05-09-2015;;
06-09-2015;;
07-09-2015;2,98;3,32
08-09-2015;3,03;3,38
09-09-2015;3,01;3,37
10-09-2015;3,00;3,35
11-09-2015;3,04;3,40
12-09-2015;;
13-09-2015;;
14-09-2015;3,03;3,42
15-09-2015;3,06;3,47
16-09-2015;3,04;3,44
17-09-2015;3,01;3,39
18-09-2015;3,01;3,41
19-09-2015;;
20-09-2015;;
21-09-2015;3,00;3,42
22-09-2015;3,00;3,38
23-09-2015;3,01;3,36
24-09-2015;;
25-09-2015;;
26-09-2015;;
27-09-2015;;
28-09-2015;3,01;3,36
29-09-2015;3,05;3,41
30-09-2015;3,04;3,42
01-10-2015;3,03;3,39
02-10-2015;3,02;3,36
03-10-2015;;
04-10-2015;;
05-10-2015;3,02;3,38
06-10-2015;2,99;3,37
07-10-2015;2,99;3,35
08-10-2015;2,94;3,30
09-10-2015;2,94;3,31
10-10-2015;;
11-10-2015;;
12-10-2015;2,90;3,28
13-10-2015;2,92;3,33
14-10-2015;2,94;3,35
15-10-2015;2,94;3,36
16-10-2015;2,88;3,30
17-10-2015;;
18-10-2015;;
19-10-2015;2,89;3,29
20-10-2015;2,89;3,28
21-10-2015;2,90;3,29
22-10-2015;2,90;3,30
23-10-2015;2,89;3,27
24-10-2015;;
25-10-2015;;
26-10-2015;2,87;3,18
27-10-2015;2,89;3,19
28-10-2015;2,89;3,20
29-10-2015;;
30-10-2015;2,89;3,20
31-10-2015;;
01-11-2015;;
02-11-2015;2,91;3,21
03-11-2015;2,80;3,09
04-11-2015;2,83;3,11
05-11-2015;2,84;3,10
06-11-2015;2,87;3,12
07-11-2015;;
08-11-2015;;
09-11-2015;2,87;3,12
10-11-2015;2,92;3,14
11-11-2015;2,91;3,12
12-11-2015;2,89;3,10
13-11-2015;2,88;3,08
14-11-2015;;
15-11-2015;;
16-11-2015;2,87;3,09
17-11-2015;2,88;3,09
18-11-2015;2,87;3,06
19-11-2015;2,86;3,06
20-11-2015;2,85;3,05
21-11-2015;;
22-11-2015;;
23-11-2015;2,83;3,03
24-11-2015;2,84;3,02
25-11-2015;2,87;3,06
26-11-2015;2,88;3,06
27-11-2015;2,90;3,08
28-11-2015;;
29-11-2015;;
30-11-2015;2,92;3,09
01-12-2015;2,91;3,08
02-12-2015;2,89;3,07
03-12-2015;2,88;3,05
04-12-2015;2,88;3,05
05-12-2015;;
06-12-2015;;
07-12-2015;2,89;3,15
08-12-2015;2,89;3,13
09-12-2015;2,91;3,16
10-12-2015;2,91;3,18
11-12-2015;2,91;3,19
12-12-2015;;
13-12-2015;;
14-12-2015;2,95;3,23
15-12-2015;2,97;3,25
16-12-2015;2,97;3,27
17-12-2015;2,96;3,24
18-12-2015;2,93;3,18
19-12-2015;;
20-12-2015;;
21-12-2015;2,92;3,17
22-12-2015;2,91;3,16
23-12-2015;2,92;3,20
24-12-2015;2,93;3,20
25-12-2015;2,92;3,20
26-12-2015;;
27-12-2015;;
28-12-2015;2,91;3,19
29-12-2015;2,92;3,20
30-12-2015;2,91;3,19
31-12-2015;2,91;3,18
01-01-2016;;
02-01-2016;;
03-01-2016;;
04-01-2016;2,92;3,18
05-01-2016;2,94;3,21
06-01-2016;2,98;3,21
07-01-2016;3,00;3,23
08-01-2016;3,02;3,27
09-01-2016;;
10-01-2016;;
11-01-2016;2,99;3,25
12-01-2016;3,02;3,29
13-01-2016;3,03;3,29
14-01-2016;3,01;3,26
15-01-2016;3,03;3,30
16-01-2016;;
17-01-2016;;
18-01-2016;3,04;3,31
19-01-2016;3,04;3,31
20-01-2016;3,02;3,29
21-01-2016;3,05;3,33
22-01-2016;3,04;3,31
23-01-2016;;
24-01-2016;;
25-01-2016;3,01;3,26
26-01-2016;3,01;3,26
27-01-2016;3,02;3,27
28-01-2016;3,00;3,26
29-01-2016;2,98;3,25
30-01-2016;;
31-01-2016;;
01-02-2016;2,96;3,23
02-02-2016;2,97;3,22
03-02-2016;2,95;3,22
04-02-2016;2,95;3,22
05-02-2016;2,90;3,24
06-02-2016;;
07-02-2016;;
08-02-2016;2,91;3,25
09-02-2016;2,93;3,27
10-02-2016;2,95;3,30
11-02-2016;2,92;3,29
12-02-2016;2,93;3,32
13-02-2016;;
14-02-2016;;
15-02-2016;2,92;3,30
16-02-2016;2,94;3,30
17-02-2016;2,95;3,30
18-02-2016;2,96;3,30
19-02-2016;2,96;3,29
20-02-2016;;
21-02-2016;;
22-02-2016;2,97;3,29
23-02-2016;2,94;3,26
24-02-2016;2,94;3,23
25-02-2016;2,94;3,23
26-02-2016;2,93;3,23
27-02-2016;;
28-02-2016;;
29-02-2016;2,93;3,23
01-03-2016;2,96;3,23
02-03-2016;2,95;3,20
03-03-2016;2,94;3,19
04-03-2016;2,92;3,18
05-03-2016;;
06-03-2016;;
07-03-2016;2,91;3,20
08-03-2016;2,92;3,20
09-03-2016;2,92;3,22
10-03-2016;2,91;3,19
11-03-2016;2,89;3,16
12-03-2016;;
13-03-2016;;
14-03-2016;2,87;3,19
15-03-2016;2,88;3,20
16-03-2016;2,89;3,20
17-03-2016;2,91;3,23
18-03-2016;2,86;3,23
19-03-2016;;
20-03-2016;;
21-03-2016;2,86;3,22
22-03-2016;2,87;3,23
23-03-2016;2,87;3,22
24-03-2016;2,87;3,21
25-03-2016;2,88;3,21
26-03-2016;;
27-03-2016;;
28-03-2016;2,87;3,20
29-03-2016;2,87;3,21
30-03-2016;2,87;3,21
31-03-2016;2,83;3,21
01-04-2016;2,82;3,21
02-04-2016;;
03-04-2016;;
04-04-2016;2,82;3,21
05-04-2016;2,82;3,21
06-04-2016;2,83;3,21
07-04-2016;2,84;3,23
08-04-2016;2,84;3,24
09-04-2016;;
10-04-2016;;
11-04-2016;2,86;3,25
12-04-2016;2,83;3,23
13-04-2016;2,83;3,23
14-04-2016;2,85;3,23
15-04-2016;2,86;3,22
16-04-2016;;
17-04-2016;;
18-04-2016;2,85;3,22
19-04-2016;2,85;3,22
20-04-2016;2,83;3,21
21-04-2016;2,83;3,21
22-04-2016;2,82;3,19
23-04-2016;;
24-04-2016;;
25-04-2016;2,83;3,19
26-04-2016;2,85;3,20
27-04-2016;2,83;3,20
28-04-2016;2,82;3,19
29-04-2016;2,82;3,19
30-04-2016;;
01-05-2016;;
02-05-2016;2,80;3,19
03-05-2016;2,79;3,20
04-05-2016;2,81;3,25
05-05-2016;2,86;3,29
06-05-2016;2,92;3,34
07-05-2016;;
08-05-2016;;
09-05-2016;2,92;3,33
10-05-2016;2,92;3,33
11-05-2016;2,94;3,34
12-05-2016;2,96;3,38
13-05-2016;2,95;3,36
14-05-2016;;
15-05-2016;;
16-05-2016;2,96;3,36
17-05-2016;2,97;3,36
18-05-2016;2,96;3,36
19-05-2016;;
20-05-2016;2,98;3,36
21-05-2016;;
22-05-2016;;
23-05-2016;2,98;3,34
24-05-2016;2,98;3,35
25-05-2016;2,98;3,33
26-05-2016;2,94;3,28
27-05-2016;2,93;3,28
28-05-2016;;
29-05-2016;;
30-05-2016;2,94;3,29
31-05-2016;2,96;3,29
01-06-2016;2,95;3,29
02-06-2016;2,95;3,29
03-06-2016;2,94;3,29
04-06-2016;;
05-06-2016;;
06-06-2016;2,95;3,28
07-06-2016;2,91;3,30
08-06-2016;2,90;3,29
09-06-2016;2,89;3,29
10-06-2016;2,89;3,29
11-06-2016;;
12-06-2016;;
13-06-2016;2,91;3,29
14-06-2016;2,92;3,29
15-06-2016;2,93;3,29
16-06-2016;2,93;3,29
17-06-2016;2,93;3,29
18-06-2016;;
19-06-2016;;
20-06-2016;2,93;3,30
21-06-2016;2,90;3,29
22-06-2016;2,90;3,28
23-06-2016;2,91;3,28
24-06-2016;2,88;3,27
25-06-2016;;
26-06-2016;;
27-06-2016;2,93;3,24
28-06-2016;2,94;3,24
29-06-2016;2,91;3,23
30-06-2016;2,89;3,20
01-07-2016;2,88;3,21
02-07-2016;;
03-07-2016;;
04-07-2016;2,88;3,20
05-07-2016;;
06-07-2016;;
07-07-2016;;
08-07-2016;2,88;3,20
09-07-2016;;
10-07-2016;;
11-07-2016;2,92;3,23
12-07-2016;2,90;3,20
13-07-2016;2,89;3,21
14-07-2016;2,89;3,20
15-07-2016;2,89;3,21
16-07-2016;;
17-07-2016;;
18-07-2016;2,88;3,21
19-07-2016;2,95;3,26
20-07-2016;2,98;3,29
21-07-2016;3,03;3,33
22-07-2016;3,07;3,39
23-07-2016;;
24-07-2016;;
25-07-2016;3,06;3,37
26-07-2016;3,03;3,33
27-07-2016;3,04;3,34
28-07-2016;3,04;3,34
29-07-2016;3,02;3,35
30-07-2016;;
31-07-2016;;
01-08-2016;3,01;3,34
02-08-2016;2,98;3,33
03-08-2016;2,99;3,35
04-08-2016;3,01;3,37
05-08-2016;3,02;3,36
06-08-2016;;
07-08-2016;;
08-08-2016;3,00;3,34
09-08-2016;2,98;3,31
10-08-2016;2,98;3,30
11-08-2016;2,96;3,30
12-08-2016;2,96;3,30
13-08-2016;;
14-08-2016;;
15-08-2016;2,96;3,30
16-08-2016;2,95;3,30
17-08-2016;2,93;3,30
18-08-2016;2,93;3,31
19-08-2016;2,92;3,31
20-08-2016;;
21-08-2016;;
22-08-2016;2,94;3,32
23-08-2016;2,94;3,33
24-08-2016;2,94;3,33
25-08-2016;2,95;3,33
26-08-2016;2,94;3,32
27-08-2016;;
28-08-2016;;
29-08-2016;2,93;3,31
30-08-2016;;
31-08-2016;2,95;3,30
01-09-2016;2,95;3,29
02-09-2016;2,96;3,29
03-09-2016;;
04-09-2016;;
05-09-2016;2,96;3,31
06-09-2016;2,94;3,29
07-09-2016;2,94;3,28
08-09-2016;2,93;3,29
09-09-2016;2,93;3,31
10-09-2016;;
11-09-2016;;
12-09-2016;;
13-09-2016;;
14-09-2016;;
15-09-2016;;
16-09-2016;2,96;3,33
17-09-2016;;
18-09-2016;;
19-09-2016;2,97;3,33
20-09-2016;2,97;3,32
21-09-2016;2,97;3,33
22-09-2016;2,97;3,32
23-09-2016;2,95;3,31
24-09-2016;;
25-09-2016;;
26-09-2016;2,95;3,30
27-09-2016;2,98;3,35
28-09-2016;2,97;3,34
29-09-2016;2,98;3,34
30-09-2016;3,00;3,36
01-10-2016;;
02-10-2016;;
03-10-2016;3,00;3,35
04-10-2016;3,00;3,37
05-10-2016;3,03;3,38
06-10-2016;3,05;3,43
07-10-2016;3,05;3,41
08-10-2016;;
09-10-2016;;
10-10-2016;3,05;3,39
11-10-2016;3,06;3,42
12-10-2016;3,08;3,42
13-10-2016;3,08;3,40
14-10-2016;3,10;3,41
15-10-2016;;
16-10-2016;;
17-10-2016;3,09;3,40
18-10-2016;3,10;3,40
19-10-2016;3,09;3,41
20-10-2016;3,08;3,38
21-10-2016;3,07;3,37
22-10-2016;;
23-10-2016;;
24-10-2016;3,07;3,35
25-10-2016;3,07;3,35
26-10-2016;3,08;3,35
27-10-2016;3,08;3,36
28-10-2016;3,10;3,38
29-10-2016;;
30-10-2016;;
31-10-2016;3,10;3,38
01-11-2016;3,10;3,40
02-11-2016;3,10;3,41
03-11-2016;3,11;3,45
04-11-2016;3,11;3,45
05-11-2016;;
06-11-2016;;
07-11-2016;3,13;3,48
08-11-2016;3,15;3,49
09-11-2016;3,17;3,51
10-11-2016;3,19;3,54
11-11-2016;3,20;3,50
12-11-2016;;
13-11-2016;;
14-11-2016;3,26;3,55
15-11-2016;3,28;3,53
16-11-2016;3,27;3,53
17-11-2016;3,31;3,54
18-11-2016;3,31;3,55
19-11-2016;;
20-11-2016;;
21-11-2016;3,38;3,59
22-11-2016;3,37;3,59
23-11-2016;3,36;3,57
24-11-2016;3,38;3,59
25-11-2016;3,40;3,59
26-11-2016;;
27-11-2016;;
28-11-2016;3,44;3,64
29-11-2016;3,42;3,64
30-11-2016;3,42;3,63
01-12-2016;3,42;3,64
02-12-2016;3,45;3,66
03-12-2016;;
04-12-2016;;
05-12-2016;3,51;3,74
06-12-2016;3,53;3,76
07-12-2016;3,51;3,78
08-12-2016;3,43;3,68
09-12-2016;3,37;3,63
10-12-2016;;
11-12-2016;;
12-12-2016;3,45;3,66
13-12-2016;3,52;3,72
14-12-2016;3,47;3,69
15-12-2016;3,48;3,70
16-12-2016;3,52;3,68
17-12-2016;;
18-12-2016;;
19-12-2016;3,49;3,65
20-12-2016;3,49;3,65
21-12-2016;3,51;3,65
22-12-2016;3,51;3,65
23-12-2016;3,51;3,66
24-12-2016;;
25-12-2016;;
26-12-2016;3,51;3,66
27-12-2016;3,50;3,66
28-12-2016;3,51;3,67
29-12-2016;3,53;3,69
30-12-2016;3,53;3,69
31-12-2016;;
01-01-2017;;
02-01-2017;3,52;3,71
03-01-2017;3,53;3,71
04-01-2017;3,57;3,73
05-01-2017;3,58;3,73
06-01-2017;3,59;3,78
07-01-2017;;
08-01-2017;;
09-01-2017;3,61;3,83
10-01-2017;3,70;3,90
11-01-2017;3,76;3,99
12-01-2017;3,85;4,06
13-01-2017;3,84;4,09
14-01-2017;;
15-01-2017;;
16-01-2017;3,80;4,04
17-01-2017;3,76;3,99
18-01-2017;3,78;4,04
19-01-2017;3,78;4,04
20-01-2017;3,79;4,04
21-01-2017;;
22-01-2017;;
23-01-2017;3,82;4,07
24-01-2017;3,77;4,04
25-01-2017;3,75;4,03
26-01-2017;3,80;4,08
27-01-2017;3,83;4,11
28-01-2017;;
29-01-2017;;
30-01-2017;3,88;4,14
31-01-2017;3,83;4,10
01-02-2017;3,79;4,06
02-02-2017;3,77;4,07
03-02-2017;3,73;4,03
04-02-2017;;
05-02-2017;;
06-02-2017;3,74;4,02
07-02-2017;3,68;3,95
08-02-2017;3,71;3,96
09-02-2017;3,74;3,99
10-02-2017;3,70;3,96
11-02-2017;;
12-02-2017;;
13-02-2017;3,67;3,91
14-02-2017;3,69;3,92
15-02-2017;3,65;3,88
16-02-2017;3,65;3,85
17-02-2017;3,67;3,90
18-02-2017;;
19-02-2017;;
20-02-2017;3,67;3,90
21-02-2017;3,62;3,85
22-02-2017;3,62;3,82
23-02-2017;3,61;3,79
24-02-2017;3,57;3,77
25-02-2017;;
26-02-2017;;
27-02-2017;3,57;3,78
28-02-2017;3,59;3,80
01-03-2017;3,61;3,82
02-03-2017;3,63;3,83
03-03-2017;3,68;3,88
04-03-2017;;
05-03-2017;;
06-03-2017;3,72;3,92
07-03-2017;3,71;3,93
08-03-2017;3,68;3,90
09-03-2017;3,70;3,91
10-03-2017;3,75;3,96
11-03-2017;;
12-03-2017;;
13-03-2017;3,75;3,97
14-03-2017;3,74;3,99
15-03-2017;3,75;3,99
16-03-2017;3,73;3,96
17-03-2017;3,67;3,94
18-03-2017;;
19-03-2017;;
20-03-2017;3,61;3,88
21-03-2017;3,63;3,90
22-03-2017;3,61;3,90
23-03-2017;3,63;3,91
24-03-2017;3,61;3,90
25-03-2017;;
26-03-2017;;
27-03-2017;3,62;3,91
28-03-2017;3,59;3,90
29-03-2017;3,62;3,93
30-03-2017;3,64;3,93
31-03-2017;3,64;3,91
01-04-2017;;
02-04-2017;;
03-04-2017;3,64;3,89
04-04-2017;3,64;3,88
05-04-2017;3,64;3,88
06-04-2017;3,68;3,92
07-04-2017;3,71;3,95
08-04-2017;;
09-04-2017;;
10-04-2017;3,72;3,96
11-04-2017;3,73;3,94
12-04-2017;3,72;3,94
13-04-2017;3,68;3,90
14-04-2017;3,66;3,89
15-04-2017;;
16-04-2017;;
17-04-2017;3,68;3,91
18-04-2017;3,66;3,89
19-04-2017;3,68;3,93
20-04-2017;3,66;3,93
21-04-2017;3,64;3,91
22-04-2017;;
23-04-2017;;
24-04-2017;3,64;3,90
25-04-2017;3,59;3,90
26-04-2017;3,58;3,90
27-04-2017;3,59;3,91
28-04-2017;3,56;3,88
29-04-2017;;
30-04-2017;;
01-05-2017;;
02-05-2017;3,55;3,87
03-05-2017;3,53;3,86
04-05-2017;3,53;3,85
05-05-2017;3,54;3,87
06-05-2017;;
07-05-2017;;
08-05-2017;3,56;3,90
09-05-2017;3,55;3,89
10-05-2017;3,59;3,92
11-05-2017;3,60;3,91
12-05-2017;3,57;3,89
13-05-2017;;
14-05-2017;;
15-05-2017;3,59;3,90
16-05-2017;3,56;3,89
17-05-2017;3,55;3,91
18-05-2017;3,55;3,95
19-05-2017;;
20-05-2017;;
21-05-2017;;
22-05-2017;3,61;4,02
23-05-2017;3,56;3,99
24-05-2017;3,57;4,01
25-05-2017;3,56;3,99
26-05-2017;3,56;4,00
27-05-2017;;
28-05-2017;;
29-05-2017;3,57;4,00
30-05-2017;3,58;4,00
31-05-2017;3,56;3,97
01-06-2017;3,53;3,96
02-06-2017;3,53;3,97
03-06-2017;;
04-06-2017;;
05-06-2017;3,53;3,96
06-06-2017;3,51;3,95
07-06-2017;3,53;3,97
08-06-2017;3,52;3,96
09-06-2017;3,54;3,98
10-06-2017;;
11-06-2017;;
12-06-2017;3,52;3,94
13-06-2017;3,52;3,95
14-06-2017;3,52;3,94
15-06-2017;3,51;3,94
16-06-2017;3,50;3,92
17-06-2017;;
18-06-2017;;
19-06-2017;3,51;3,92
20-06-2017;3,50;3,92
21-06-2017;3,52;3,93
22-06-2017;3,53;3,94
23-06-2017;3,52;3,93
24-06-2017;;
25-06-2017;;
26-06-2017;;
27-06-2017;;
28-06-2017;3,50;3,91
29-06-2017;3,52;4,00
30-06-2017;3,51;4,00
01-07-2017;;
02-07-2017;;
03-07-2017;3,52;4,01
04-07-2017;3,53;4,02
05-07-2017;3,55;4,03
06-07-2017;3,58;4,06
07-07-2017;3,62;4,11
08-07-2017;;
09-07-2017;;
10-07-2017;3,63;4,14
11-07-2017;3,60;4,11
12-07-2017;3,63;4,14
13-07-2017;3,60;4,13
14-07-2017;3,57;4,07
15-07-2017;;
16-07-2017;;
17-07-2017;3,56;4,06
18-07-2017;3,54;4,05
19-07-2017;3,53;4,07
20-07-2017;3,53;4,06
21-07-2017;3,53;4,06
22-07-2017;;
23-07-2017;;
24-07-2017;3,53;4,11
25-07-2017;3,54;4,13
26-07-2017;3,56;4,15
27-07-2017;3,56;4,14
28-07-2017;3,53;4,13
29-07-2017;;
30-07-2017;;
31-07-2017;3,53;4,13
01-08-2017;3,52;4,13
02-08-2017;3,52;4,16
03-08-2017;3,53;4,18
04-08-2017;3,54;4,19
05-08-2017;;
06-08-2017;;
07-08-2017;3,53;4,19
08-08-2017;3,53;4,16
09-08-2017;3,53;4,17
10-08-2017;3,54;4,15
11-08-2017;3,53;4,14
12-08-2017;;
13-08-2017;;
14-08-2017;3,54;4,17
15-08-2017;3,53;4,16
16-08-2017;3,53;4,14
17-08-2017;3,53;4,14
18-08-2017;3,52;4,13
19-08-2017;;
20-08-2017;;
21-08-2017;3,52;4,13
22-08-2017;3,51;4,12
23-08-2017;3,50;4,12
24-08-2017;3,50;4,12
25-08-2017;3,48;4,10
26-08-2017;;
27-08-2017;;
28-08-2017;3,48;4,10
29-08-2017;3,44;4,11
30-08-2017;;
31-08-2017;3,44;4,14
01-09-2017;;
02-09-2017;;
03-09-2017;;
04-09-2017;;
05-09-2017;3,44;4,14
06-09-2017;3,44;4,09
07-09-2017;3,44;4,10
08-09-2017;3,42;4,09
09-09-2017;;
10-09-2017;;
11-09-2017;3,41;4,11
12-09-2017;3,40;4,08
13-09-2017;3,43;4,10
14-09-2017;3,43;4,11
15-09-2017;3,45;4,11
16-09-2017;;
17-09-2017;;
18-09-2017;3,43;4,10
19-09-2017;3,45;4,12
20-09-2017;3,49;4,18
21-09-2017;3,48;4,17
22-09-2017;3,51;4,18
23-09-2017;;
24-09-2017;;
25-09-2017;3,49;4,18
26-09-2017;3,52;4,18
27-09-2017;3,53;4,17
28-09-2017;3,57;4,19
29-09-2017;3,57;4,20
30-09-2017;;
01-10-2017;;
02-10-2017;3,55;4,19
03-10-2017;3,58;4,20
04-10-2017;3,58;4,20
05-10-2017;3,56;4,19
06-10-2017;3,57;4,20
07-10-2017;;
08-10-2017;;
09-10-2017;3,60;4,22
10-10-2017;3,70;4,34
11-10-2017;3,68;4,34
12-10-2017;3,68;4,35
13-10-2017;3,64;4,32
14-10-2017;;
15-10-2017;;
16-10-2017;3,65;4,31
17-10-2017;3,64;4,29
18-10-2017;3,65;4,30
19-10-2017;3,67;4,32
20-10-2017;3,66;4,33
21-10-2017;;
22-10-2017;;
23-10-2017;3,66;4,32
24-10-2017;3,70;4,34
25-10-2017;3,71;4,36
26-10-2017;3,73;4,39
27-10-2017;3,77;4,45
28-10-2017;;
29-10-2017;;
30-10-2017;3,82;4,44
31-10-2017;3,77;4,38
01-11-2017;3,78;4,39
02-11-2017;3,81;4,43
03-11-2017;3,81;4,43
04-11-2017;;
05-11-2017;;
06-11-2017;3,82;4,45
07-11-2017;3,86;4,48
08-11-2017;3,85;4,46
09-11-2017;3,88;4,50
10-11-2017;3,85;4,47
11-11-2017;;
12-11-2017;;
13-11-2017;3,86;4,50
14-11-2017;3,87;4,50
15-11-2017;3,87;4,53
16-11-2017;3,88;4,59
17-11-2017;3,87;4,56
18-11-2017;;
19-11-2017;;
20-11-2017;3,88;4,58
21-11-2017;3,89;4,58
22-11-2017;3,95;4,64
23-11-2017;3,96;4,65
24-11-2017;3,92;4,64
25-11-2017;;
26-11-2017;;
27-11-2017;3,94;4,67
28-11-2017;3,93;4,69
29-11-2017;3,92;4,66
30-11-2017;3,95;4,69
01-12-2017;3,94;4,67
02-12-2017;;
03-12-2017;;
04-12-2017;3,93;4,68
05-12-2017;3,92;4,65
06-12-2017;3,86;4,58
07-12-2017;3,85;4,56
08-12-2017;3,86;4,55
09-12-2017;;
10-12-2017;;
11-12-2017;3,85;4,53
12-12-2017;3,83;4,51
13-12-2017;3,83;4,51
14-12-2017;3,84;4,51
15-12-2017;3,83;4,53
16-12-2017;;
17-12-2017;;
18-12-2017;3,86;4,55
19-12-2017;3,85;4,54
20-12-2017;3,83;4,53
21-12-2017;3,83;4,54
22-12-2017;3,82;4,54
23-12-2017;;
24-12-2017;;
25-12-2017;3,81;4,52
26-12-2017;3,81;4,52
27-12-2017;3,80;4,51
28-12-2017;3,82;4,54
29-12-2017;3,81;4,55
30-12-2017;;
31-12-2017;;
01-01-2018;;
02-01-2018;3,77;4,52
03-01-2018;3,77;4,54
04-01-2018;3,76;4,53
05-01-2018;3,76;4,53
06-01-2018;;
07-01-2018;;
08-01-2018;3,75;4,51
09-01-2018;3,75;4,49
10-01-2018;3,76;4,48
11-01-2018;3,78;4,53
12-01-2018;3,79;4,53
13-01-2018;;
14-01-2018;;
15-01-2018;3,76;4,55
16-01-2018;3,76;4,60
17-01-2018;3,82;4,67
18-01-2018;3,81;4,66
19-01-2018;3,80;4,64
20-01-2018;;
21-01-2018;;
22-01-2018;3,78;4,64
23-01-2018;3,81;4,66
24-01-2018;3,79;4,64
25-01-2018;3,76;4,63
26-01-2018;3,74;4,65
27-01-2018;;
28-01-2018;;
29-01-2018;3,74;4,66
30-01-2018;3,77;4,68
31-01-2018;3,78;4,68
01-02-2018;3,75;4,67
02-02-2018;3,76;4,67
03-02-2018;;
04-02-2018;;
05-02-2018;3,75;4,68
06-02-2018;3,76;4,69
07-02-2018;3,78;4,68
08-02-2018;3,77;4,66
09-02-2018;3,81;4,66
10-02-2018;;
11-02-2018;;
12-02-2018;3,81;4,67
13-02-2018;3,81;4,67
14-02-2018;3,80;4,68
15-02-2018;3,80;4,69
16-02-2018;3,77;4,71
17-02-2018;;
18-02-2018;;
19-02-2018;3,75;4,70
20-02-2018;3,75;4,66
21-02-2018;3,77;4,66
22-02-2018;3,78;4,66
23-02-2018;3,80;4,67
24-02-2018;;
25-02-2018;;
26-02-2018;3,78;4,65
27-02-2018;3,78;4,66
28-02-2018;3,78;4,66
01-03-2018;3,80;4,64
02-03-2018;3,81;4,64
03-03-2018;;
04-03-2018;;
05-03-2018;3,80;4,67
06-03-2018;3,82;4,70
07-03-2018;3,80;4,69
08-03-2018;3,80;4,72
09-03-2018;3,81;4,72
10-03-2018;;
11-03-2018;;
12-03-2018;3,82;4,70
13-03-2018;3,82;4,70
14-03-2018;3,86;4,75
15-03-2018;3,86;4,78
16-03-2018;3,89;4,81
17-03-2018;;
18-03-2018;;
19-03-2018;3,90;4,81
20-03-2018;3,94;4,83
21-03-2018;3,94;4,85
22-03-2018;3,93;4,82
23-03-2018;3,91;4,82
24-03-2018;;
25-03-2018;;
26-03-2018;3,96;4,89
27-03-2018;3,97;4,93
28-03-2018;3,98;4,94
29-03-2018;3,99;4,95
30-03-2018;3,99;4,92
31-03-2018;;
01-04-2018;;
02-04-2018;3,95;4,87
03-04-2018;3,96;4,88
04-04-2018;3,98;4,89
05-04-2018;4,01;4,92
06-04-2018;4,03;4,94
07-04-2018;;
08-04-2018;;
09-04-2018;4,05;4,96
10-04-2018;4,06;4,98
11-04-2018;4,07;5,02
12-04-2018;4,15;5,13
13-04-2018;4,13;5,10
14-04-2018;;
15-04-2018;;
16-04-2018;4,08;5,03
17-04-2018;4,10;5,06
18-04-2018;4,10;5,07
19-04-2018;4,10;5,07
20-04-2018;4,03;4,98
21-04-2018;;
22-04-2018;;
23-04-2018;;
24-04-2018;4,03;4,97
25-04-2018;4,08;4,99
26-04-2018;4,08;4,97
27-04-2018;4,07;4,95
28-04-2018;;
29-04-2018;;
30-04-2018;4,05;4,90
01-05-2018;;
02-05-2018;4,04;4,89
03-05-2018;4,12;4,95
04-05-2018;4,19;5,02
05-05-2018;;
06-05-2018;;
07-05-2018;4,26;5,09
08-05-2018;4,26;5,07
09-05-2018;4,28;5,09
10-05-2018;4,29;5,08
11-05-2018;4,27;5,07
12-05-2018;;
13-05-2018;;
14-05-2018;4,26;5,08
15-05-2018;4,32;5,17
16-05-2018;4,39;5,24
17-05-2018;4,46;5,27
18-05-2018;4,44;5,24
19-05-2018;;
20-05-2018;;
21-05-2018;4,47;5,27
22-05-2018;4,55;5,35
23-05-2018;4,58;5,40
24-05-2018;4,85;5,68
25-05-2018;4,70;5,51
26-05-2018;;
27-05-2018;;
28-05-2018;4,72;5,52
29-05-2018;4,60;5,37
30-05-2018;4,60;5,31
31-05-2018;4,48;5,21
01-06-2018;4,48;5,24
02-06-2018;;
03-06-2018;;
04-06-2018;4,59;5,37
05-06-2018;4,63;5,42
06-06-2018;4,61;5,39
07-06-2018;4,61;5,42
08-06-2018;4,55;5,38
09-06-2018;;
10-06-2018;;
11-06-2018;4,50;5,30
12-06-2018;4,51;5,32
13-06-2018;4,55;5,36
14-06-2018;4,65;5,46
15-06-2018;;
16-06-2018;;
17-06-2018;;
18-06-2018;4,65;5,46
19-06-2018;4,72;5,47
20-06-2018;4,75;5,50
21-06-2018;4,75;5,49
22-06-2018;4,75;5,48
23-06-2018;;
24-06-2018;;
25-06-2018;4,71;5,48
26-06-2018;4,64;5,41
27-06-2018;4,67;5,46
28-06-2018;4,63;5,40
29-06-2018;4,61;5,33
30-06-2018;;
01-07-2018;;
02-07-2018;4,56;5,31
03-07-2018;4,62;5,38
04-07-2018;4,66;5,43
05-07-2018;4,70;5,47
06-07-2018;4,64;5,43
07-07-2018;;
08-07-2018;;
09-07-2018;4,60;5,39
10-07-2018;4,53;5,33
11-07-2018;4,71;5,52
12-07-2018;4,75;5,56
13-07-2018;4,82;5,62
14-07-2018;;
15-07-2018;;
16-07-2018;4,84;5,63
17-07-2018;4,84;5,66
18-07-2018;4,84;5,67
19-07-2018;4,79;5,57
20-07-2018;4,82;5,60
21-07-2018;;
22-07-2018;;
23-07-2018;4,80;5,59
24-07-2018;4,75;5,57
25-07-2018;4,78;5,59
26-07-2018;4,85;5,68
27-07-2018;4,82;5,65
28-07-2018;;
29-07-2018;;
30-07-2018;4,86;5,65
31-07-2018;4,89;5,70
01-08-2018;4,90;5,75
02-08-2018;4,92;5,75
03-08-2018;5,05;5,87
04-08-2018;;
05-08-2018;;
06-08-2018;5,08;5,88
07-08-2018;5,15;5,95
08-08-2018;5,26;6,10
09-08-2018;5,28;6,13
10-08-2018;5,40;6,26
11-08-2018;;
12-08-2018;;
13-08-2018;5,94;6,81
14-08-2018;6,88;7,83
15-08-2018;6,55;7,47
16-08-2018;6,14;6,95
17-08-2018;5,80;6,59
18-08-2018;;
19-08-2018;;
20-08-2018;5,99;6,83
21-08-2018;;
22-08-2018;;
23-08-2018;;
24-08-2018;;
25-08-2018;;
26-08-2018;;
27-08-2018;5,99;6,83
28-08-2018;6,19;7,19
29-08-2018;6,22;7,27
30-08-2018;;
31-08-2018;6,41;7,47
01-09-2018;;
02-09-2018;;
03-09-2018;6,55;7,64
04-09-2018;6,62;7,69
05-09-2018;6,68;7,73
06-09-2018;6,68;7,73
07-09-2018;6,59;7,66
08-09-2018;;
09-09-2018;;
10-09-2018;6,47;7,53
11-09-2018;6,45;7,46
12-09-2018;6,45;7,49
13-09-2018;6,39;7,41
14-09-2018;6,36;7,39
15-09-2018;;
16-09-2018;;
17-09-2018;6,07;7,10
18-09-2018;6,26;7,29
19-09-2018;6,36;7,44
20-09-2018;6,31;7,38
21-09-2018;6,27;7,34
22-09-2018;;
23-09-2018;;
24-09-2018;6,27;7,38
25-09-2018;6,23;7,32
26-09-2018;6,12;7,21
27-09-2018;6,12;7,20
28-09-2018;6,08;7,11
29-09-2018;;
30-09-2018;;
01-10-2018;5,99;6,95
02-10-2018;5,97;6,92
03-10-2018;6,01;6,93
04-10-2018;6,03;6,97
05-10-2018;6,12;7,04
06-10-2018;;
07-10-2018;;
08-10-2018;6,15;7,08
09-10-2018;6,15;7,06
10-10-2018;6,12;7,01
11-10-2018;6,09;7,00
12-10-2018;5,98;6,91
13-10-2018;;
14-10-2018;;
15-10-2018;5,90;6,84
16-10-2018;5,81;6,73
17-10-2018;5,78;6,69
18-10-2018;5,68;6,57
19-10-2018;5,55;6,39
20-10-2018;;
21-10-2018;;
22-10-2018;5,61;6,43
23-10-2018;5,65;6,50
24-10-2018;5,77;6,62
25-10-2018;5,72;6,53
26-10-2018;5,68;6,48
27-10-2018;;
28-10-2018;;
29-10-2018;;
30-10-2018;5,62;6,38
31-10-2018;5,52;6,27
01-11-2018;5,50;6,24
02-11-2018;5,57;6,34
03-11-2018;;
04-11-2018;;
05-11-2018;5,46;6,25
06-11-2018;5,45;6,20
07-11-2018;5,34;6,10
08-11-2018;5,36;6,15
09-11-2018;5,41;6,18
10-11-2018;;
11-11-2018;;
12-11-2018;5,48;6,22
13-11-2018;5,48;6,17
14-11-2018;5,48;6,16
15-11-2018;5,46;6,16
16-11-2018;5,42;6,13
17-11-2018;;
18-11-2018;;
19-11-2018;5,34;6,06
20-11-2018;5,32;6,08
21-11-2018;5,33;6,09
22-11-2018;5,35;6,09
23-11-2018;5,30;6,05
24-11-2018;;
25-11-2018;;
26-11-2018;5,28;6,00
27-11-2018;5,24;5,96
28-11-2018;5,24;5,93
29-11-2018;5,25;5,92
30-11-2018;5,16;5,87
01-12-2018;;
02-12-2018;;
03-12-2018;5,16;5,87
04-12-2018;5,19;5,90
05-12-2018;5,27;6,01
06-12-2018;5,37;6,09
07-12-2018;5,36;6,08
08-12-2018;;
09-12-2018;;
10-12-2018;5,33;6,06
11-12-2018;5,28;6,03
12-12-2018;5,35;6,09
13-12-2018;5,36;6,08
14-12-2018;5,36;6,10
15-12-2018;;
16-12-2018;;
17-12-2018;5,37;6,08
18-12-2018;5,38;6,09
19-12-2018;5,35;6,08
20-12-2018;5,33;6,08
21-12-2018;5,26;6,02
22-12-2018;;
23-12-2018;;
24-12-2018;5,27;6,03
25-12-2018;5,29;6,03
26-12-2018;5,30;6,04
27-12-2018;5,28;6,02
28-12-2018;5,29;6,02
29-12-2018;;
30-12-2018;;
31-12-2018;5,26;6,03
01-01-2019;;
02-01-2019;5,28;6,04
03-01-2019;5,33;6,11
04-01-2019;5,46;6,21
05-01-2019;;
06-01-2019;;
07-01-2019;5,41;6,17
08-01-2019;5,36;6,13
09-01-2019;5,43;6,21
10-01-2019;5,50;6,30
11-01-2019;5,46;6,30
12-01-2019;;
13-01-2019;;
14-01-2019;5,42;6,25
15-01-2019;5,51;6,32
16-01-2019;5,44;6,23
17-01-2019;5,40;6,16
18-01-2019;5,36;6,10
19-01-2019;;
20-01-2019;;
21-01-2019;5,34;6,09
22-01-2019;5,34;6,07
23-01-2019;5,35;6,07
24-01-2019;5,31;6,04
25-01-2019;5,27;5,99
26-01-2019;;
27-01-2019;;
28-01-2019;5,26;5,97
29-01-2019;5,28;6,02
30-01-2019;5,33;6,10
31-01-2019;5,28;6,03
01-02-2019;5,21;5,99
02-02-2019;;
03-02-2019;;
04-02-2019;5,19;5,95
05-02-2019;5,22;5,97
06-02-2019;5,20;5,94
07-02-2019;5,21;5,93
08-02-2019;5,24;5,95
09-02-2019;;
10-02-2019;;
11-02-2019;5,24;5,94
12-02-2019;5,26;5,95
13-02-2019;5,26;5,94
14-02-2019;5,24;5,94
15-02-2019;5,29;5,96
16-02-2019;;
17-02-2019;;
18-02-2019;5,26;5,93
19-02-2019;5,29;5,99
20-02-2019;5,31;6,00
21-02-2019;5,30;6,01
22-02-2019;5,31;6,03
23-02-2019;;
24-02-2019;;
25-02-2019;5,32;6,03
26-02-2019;5,31;6,02
27-02-2019;5,29;6,01
28-02-2019;5,29;6,03
01-03-2019;5,32;6,06
02-03-2019;;
03-03-2019;;
04-03-2019;5,34;6,08
05-03-2019;5,38;6,10
06-03-2019;5,37;6,08
07-03-2019;5,38;6,08
08-03-2019;5,43;6,14
09-03-2019;;
10-03-2019;;
11-03-2019;5,45;6,12
12-03-2019;5,43;6,11
13-03-2019;5,44;6,12
14-03-2019;5,45;6,16
15-03-2019;5,46;6,18
16-03-2019;;
17-03-2019;;
18-03-2019;5,46;6,18
19-03-2019;5,45;6,19
20-03-2019;5,46;6,20
21-03-2019;5,47;6,21
22-03-2019;5,44;6,20
23-03-2019;;
24-03-2019;;
25-03-2019;5,53;6,26
26-03-2019;5,65;6,39
27-03-2019;5,49;6,22
28-03-2019;5,33;6,01
29-03-2019;5,54;6,23
30-03-2019;;
31-03-2019;;
01-04-2019;5,63;6,32
02-04-2019;5,60;6,29
03-04-2019;5,56;6,22
04-04-2019;5,61;6,30
05-04-2019;5,63;6,32
06-04-2019;;
07-04-2019;;
08-04-2019;5,59;6,28
09-04-2019;5,67;6,37
10-04-2019;5,66;6,38
11-04-2019;5,67;6,39
12-04-2019;5,71;6,44
13-04-2019;;
14-04-2019;;
15-04-2019;5,78;6,54
16-04-2019;5,79;6,54
17-04-2019;5,79;6,54
18-04-2019;5,74;6,50
19-04-2019;5,81;6,54
20-04-2019;;
21-04-2019;;
22-04-2019;5,79;6,51
23-04-2019;;
24-04-2019;5,83;6,55
25-04-2019;5,86;6,57
26-04-2019;5,89;6,57
27-04-2019;;
28-04-2019;;
29-04-2019;5,92;6,60
30-04-2019;5,93;6,62
01-05-2019;;
02-05-2019;5,96;6,67
03-05-2019;5,96;6,67
04-05-2019;;
05-05-2019;;
06-05-2019;5,96;6,65
07-05-2019;5,99;6,71
08-05-2019;6,15;6,88
09-05-2019;6,16;6,90
10-05-2019;6,20;6,94
11-05-2019;;
12-05-2019;;
13-05-2019;6,11;6,87
14-05-2019;6,08;6,83
15-05-2019;6,04;6,79
16-05-2019;6,05;6,78
17-05-2019;6,00;6,73
18-05-2019;;
19-05-2019;;
20-05-2019;6,05;6,75
21-05-2019;6,04;6,74
22-05-2019;6,04;6,74
23-05-2019;6,08;6,78
24-05-2019;6,13;6,82
25-05-2019;;
26-05-2019;;
27-05-2019;6,07;6,79
28-05-2019;6,05;6,77
29-05-2019;6,04;6,76
30-05-2019;6,02;6,71
31-05-2019;5,92;6,60
01-06-2019;;
02-06-2019;;
03-06-2019;5,86;6,53
04-06-2019;;
05-06-2019;;
06-06-2019;;
07-06-2019;5,86;6,53
08-06-2019;;
09-06-2019;;
10-06-2019;5,84;6,57
11-06-2019;5,81;6,56
12-06-2019;5,78;6,54
13-06-2019;5,80;6,57
14-06-2019;5,83;6,58
15-06-2019;;
16-06-2019;;
17-06-2019;5,88;6,63
18-06-2019;5,87;6,58
19-06-2019;5,84;6,55
20-06-2019;5,85;6,55
21-06-2019;5,73;6,47
22-06-2019;;
23-06-2019;;
24-06-2019;5,79;6,55
25-06-2019;5,74;6,54
26-06-2019;5,79;6,59
27-06-2019;5,76;6,55
28-06-2019;5,77;6,56
29-06-2019;;
30-06-2019;;
01-07-2019;5,76;6,55
02-07-2019;5,68;6,44
03-07-2019;5,67;6,40
04-07-2019;5,63;6,35
05-07-2019;5,59;6,31
06-07-2019;;
07-07-2019;;
08-07-2019;5,60;6,31
09-07-2019;5,72;6,42
10-07-2019;5,71;6,40
11-07-2019;5,74;6,44
12-07-2019;5,67;6,39
13-07-2019;;
14-07-2019;;
15-07-2019;;
16-07-2019;5,69;6,41
17-07-2019;5,70;6,41
18-07-2019;5,69;6,38
19-07-2019;5,69;6,39
20-07-2019;;
21-07-2019;;
22-07-2019;5,63;6,33
23-07-2019;5,67;6,36
24-07-2019;5,68;6,35
25-07-2019;5,71;6,37
26-07-2019;5,70;6,34
27-07-2019;;
28-07-2019;;
29-07-2019;5,66;6,30
30-07-2019;5,63;6,26
31-07-2019;5,57;6,21
01-08-2019;5,52;6,16
02-08-2019;5,58;6,16
03-08-2019;;
04-08-2019;;
05-08-2019;5,58;6,19
06-08-2019;5,56;6,19
07-08-2019;5,53;6,20
08-08-2019;5,49;6,14
09-08-2019;5,47;6,13
10-08-2019;;
11-08-2019;;
12-08-2019;;
13-08-2019;;
14-08-2019;;
15-08-2019;5,48;6,14
16-08-2019;5,57;6,21
17-08-2019;;
18-08-2019;;
19-08-2019;5,54;6,14
20-08-2019;5,58;6,19
21-08-2019;5,70;6,32
22-08-2019;5,71;6,34
23-08-2019;5,75;6,37
24-08-2019;;
25-08-2019;;
26-08-2019;5,75;6,37
27-08-2019;5,80;6,45
28-08-2019;5,83;6,47
29-08-2019;5,80;6,43
30-08-2019;;
31-08-2019;;
01-09-2019;;
02-09-2019;5,81;6,44
03-09-2019;5,80;6,37
04-09-2019;5,77;6,32
05-09-2019;5,67;6,24
06-09-2019;5,67;6,27
